Subject,Filename,OnsetFrame,ApexFrame,OffsetFrame,Emotion,EmotionId,Fps
sub0003,sub0003_01,109,199,228,anger,0,500
sub0003,sub0003_02,48,106,171,anger,0,500
sub0003,sub0003_03,83,126,211,anger,0,500
sub0003,sub0003_04,44,86,126,anger,0,500
sub0003,sub0003_05,34,91,134,sadness,5,500
sub0003,sub0003_06,39,89,119,sadness,5,500
sub0003,sub0003_07,60,112,159,disgust,2,500
sub0004,sub0004_01,24,134,168,sadness,5,500
sub0004,sub0004_02,24,95,157,surprise,6,500
sub0005,sub0005_01,0,123,227,happiness,4,500
sub0005,sub0005_02,0,122,227,happiness,4,500
sub0005,sub0005_03,49,127,217,sadness,5,500
sub0005,sub0005_04,70,122,150,sadness,5,500
sub0005,sub0005_05,161,288,387,sadness,5,500
sub0005,sub0005_06,0,120,152,sadness,5,500
sub0005,sub0005_07,56,121,144,sadness,5,500
sub0005,sub0005_08,16,77,112,sadness,5,500
sub0005,sub0005_09,28,119,182,sadness,5,500
sub0005,sub0005_10,0,189,244,happiness,4,500
sub0005,sub0005_11,54,91,135,contempt,1,500
sub0005,sub0005_12,49,96,159,disgust,2,500
sub0005,sub0005_13,21,66,120,contempt,1,500
sub0005,sub0005_14,37,126,175,contempt,1,500
sub0005,sub0005_15,0,117,149,anger,0,500
sub0005,sub0005_16,40,124,181,anger,0,500
sub0005,sub0005_17,48,136,171,surprise,6,500
sub0005,sub0005_18,0,113,248,disgust,2,500
sub0005,sub0005_19,0,94,110,anger,0,500
sub0005,sub0005_20,0,28,102,anger,0,500
sub0005,sub0005_21,0,98,156,disgust,2,500
sub0005,sub0005_22,0,73,185,disgust,2,500
sub0005,sub0005_23,0,90,142,sadness,5,500
sub0005,sub0005_24,21,129,208,disgust,2,500
sub0005,sub0005_25,0,101,177,disgust,2,500
sub0005,sub0005_26,28,107,189,disgust,2,500
sub0005,sub0005_27,0,111,217,disgust,2,500
sub0005,sub0005_28,38,129,178,disgust,2,500
sub0005,sub0005_29,0,75,197,disgust,2,500
sub0005,sub0005_30,0,84,232,disgust,2,500
sub0005,sub0005_31,65,181,220,happiness,4,500
sub0005,sub0005_32,0,121,242,disgust,2,500
sub0005,sub0005_33,0,106,247,surprise,6,500
sub0005,sub0005_34,0,100,212,disgust,2,500
sub0005,sub0005_35,13,140,180,disgust,2,500
sub0005,sub0005_36,0,149,200,disgust,2,500
sub0005,sub0005_37,0,109,247,disgust,2,500
sub0005,sub0005_38,44,137,248,disgust,2,500
sub0005,sub0005_39,0,100,197,disgust,2,500
sub0005,sub0005_40,0,92,206,disgust,2,500
sub0005,sub0005_41,0,86,198,disgust,2,500
sub0005,sub0005_42,0,111,217,disgust,2,500
sub0005,sub0005_43,0,130,228,disgust,2,500
sub0005,sub0005_44,0,120,186,disgust,2,500
sub0007,sub0007_01,27,132,276,surprise,6,500
sub0007,sub0007_02,19,128,180,surprise,6,500
sub0007,sub0007_03,20,116,219,anger,0,500
sub0007,sub0007_04,16,90,126,contempt,1,500
sub0007,sub0007_05,60,85,175,anger,0,500
sub0007,sub0007_06,11,116,199,anger,0,500
sub0007,sub0007_07,40,103,151,anger,0,500
sub0007,sub0007_08,73,111,170,disgust,2,500
sub0007,sub0007_09,27,115,167,surprise,6,500
sub0007,sub0007_10,18,44,83,disgust,2,500
sub0007,sub0007_11,3,53,122,anger,0,500
sub0007,sub0007_12,39,155,241,anger,0,500
sub0007,sub0007_13,29,101,217,disgust,2,500
sub0007,sub0007_14,0,147,248,disgust,2,500
sub0009,sub0009_01,50,150,200,contempt,1,500
sub0009,sub0009_02,25,109,200,disgust,2,500
sub0009,sub0009_03,0,86,201,anger,0,500
sub0009,sub0009_04,50,140,240,contempt,1,500
sub0009,sub0009_05,15,110,200,sadness,5,500
sub0009,sub0009_06,100,165,225,sadness,5,500
sub0009,sub0009_07,20,125,250,sadness,5,500
sub0009,sub0009_08,20,150,240,sadness,5,500
sub0009,sub0009_09,10,100,160,sadness,5,500
sub0009,sub0009_10,0,168,249,disgust,2,500
sub0009,sub0009_11,0,80,160,sadness,5,500
sub0009,sub0009_12,180,250,330,sadness,5,500
sub0009,sub0009_13,20,80,140,sadness,5,500
sub0009,sub0009_14,20,70,120,contempt,1,500
sub0009,sub0009_15,10,90,200,sadness,5,500
sub0009,sub0009_16,10,90,130,sadness,5,500
sub0009,sub0009_17,0,117,211,anger,0,500
sub0009,sub0009_18,18,104,250,happiness,4,500
sub0009,sub0009_19,40,170,270,happiness,4,500
sub0009,sub0009_20,50,180,270,happiness,4,500
sub0009,sub0009_21,50,160,240,contempt,1,500
sub0009,sub0009_22,30,80,120,disgust,2,500
sub0009,sub0009_23,60,160,230,contempt,1,500
sub0009,sub0009_24,0,100,220,disgust,2,500
sub0009,sub0009_25,20,110,180,disgust,2,500
sub0009,sub0009_26,10,110,210,fear,3,500
sub0009,sub0009_27,10,70,235,fear,3,500
sub0009,sub0009_28,0,50,224,surprise,6,500
sub0009,sub0009_29,16,130,240,contempt,1,500
sub0009,sub0009_30,20,120,200,surprise,6,500
sub0009,sub0009_31,0,150,200,contempt,1,500
sub0009,sub0009_32,20,140,200,fear,3,500
sub0009,sub0009_33,10,100,210,disgust,2,500
sub0009,sub0009_34,72,180,240,surprise,6,500
sub0009,sub0009_35,40,140,180,anger,0,500
sub0009,sub0009_36,30,120,170,sadness,5,500
sub0009,sub0009_37,0,82,157,sadness,5,500
sub0009,sub0009_38,20,120,220,sadness,5,500
sub0009,sub0009_39,11,104,223,anger,0,500
sub0009,sub0009_40,0,63,118,anger,0,500
sub0009,sub0009_41,20,100,220,disgust,2,500
sub0009,sub0009_42,0,150,247,disgust,2,500
sub0009,sub0009_43,10,110,210,happiness,4,500
sub0009,sub0009_44,0,115,180,fear,3,500
sub0009,sub0009_45,0,100,200,surprise,6,500
sub0010,sub0010_01,0,65,187,surprise,6,500
sub0010,sub0010_02,0,130,179,sadness,5,500
sub0010,sub0010_03,40,112,180,sadness,5,500
sub0010,sub0010_04,12,67,136,sadness,5,500
sub0010,sub0010_05,18,62,101,sadness,5,500
sub0010,sub0010_06,0,173,221,contempt,1,500
sub0010,sub0010_07,0,49,181,sadness,5,500
sub0010,sub0010_08,0,50,129,sadness,5,500
sub0010,sub0010_09,0,105,188,sadness,5,500
sub0010,sub0010_10,10,83,141,sadness,5,500
sub0010,sub0010_11,5,44,91,sadness,5,500
sub0010,sub0010_12,5,66,136,sadness,5,500
sub0010,sub0010_13,26,75,160,sadness,5,500
sub0010,sub0010_14,0,53,138,sadness,5,500
sub0010,sub0010_15,0,59,131,surprise,6,500
sub0010,sub0010_16,0,56,128,surprise,6,500
sub0010,sub0010_17,0,76,214,contempt,1,500
sub0010,sub0010_18,0,106,201,contempt,1,500
sub0010,sub0010_19,0,117,245,contempt,1,500
sub0010,sub0010_20,0,117,218,disgust,2,500
sub0010,sub0010_21,25,130,202,happiness,4,500
sub0010,sub0010_22,0,126,234,disgust,2,500
sub0011,sub0011_01,22,82,138,disgust,2,500
sub0011,sub0011_02,0,82,200,sadness,5,500
sub0011,sub0011_03,4,93,150,disgust,2,500
sub0011,sub0011_04,10,130,210,disgust,2,500
sub0011,sub0011_05,20,80,180,anger,0,500
sub0011,sub0011_06,0,120,180,disgust,2,500
sub0011,sub0011_07,20,120,220,sadness,5,500
sub0011,sub0011_08,0,65,150,anger,0,500
sub0011,sub0011_09,0,140,180,happiness,4,500
sub0011,sub0011_10,0,80,180,contempt,1,500
sub0011,sub0011_11,0,44,200,anger,0,500
sub0011,sub0011_12,6,97,190,anger,0,500
sub0011,sub0011_13,5,131,211,disgust,2,500
sub0011,sub0011_14,10,140,180,anger,0,500
sub0011,sub0011_15,30,140,189,anger,0,500
sub0011,sub0011_16,0,91,240,anger,0,500
sub0011,sub0011_17,10,89,137,disgust,2,500
sub0011,sub0011_18,0,130,211,disgust,2,500
sub0012,sub0012_01,54,141,171,happiness,4,500
sub0012,sub0012_02,0,83,146,sadness,5,500
sub0012,sub0012_03,0,68,115,sadness,5,500
sub0012,sub0012_04,0,106,169,sadness,5,500
sub0012,sub0012_05,0,45,202,sadness,5,500
sub0012,sub0012_06,0,69,188,sadness,5,500
sub0012,sub0012_07,0,158,224,sadness,5,500
sub0012,sub0012_08,0,42,133,surprise,6,500
sub0012,sub0012_09,0,41,140,contempt,1,500
sub0012,sub0012_10,0,95,183,happiness,4,500
sub0012,sub0012_11,0,107,170,surprise,6,500
sub0012,sub0012_12,0,97,192,happiness,4,500
sub0012,sub0012_13,0,43,103,disgust,2,500
sub0012,sub0012_14,0,38,197,disgust,2,500
sub0012,sub0012_15,0,111,168,disgust,2,500
sub0012,sub0012_16,0,33,133,contempt,1,500
sub0012,sub0012_17,0,40,95,anger,0,500
sub0012,sub0012_18,0,153,226,anger,0,500
sub0012,sub0012_19,0,66,133,anger,0,500
sub0012,sub0012_20,0,83,147,anger,0,500
sub0012,sub0012_21,0,57,86,anger,0,500
sub0012,sub0012_22,0,120,241,anger,0,500
sub0012,sub0012_23,0,88,124,surprise,6,500
sub0012,sub0012_24,0,100,161,surprise,6,500
sub0012,sub0012_25,0,79,167,surprise,6,500
sub0012,sub0012_26,0,36,116,disgust,2,500
sub0012,sub0012_27,0,102,176,disgust,2,500
sub0012,sub0012_28,0,48,94,disgust,2,500
sub0012,sub0012_29,0,125,187,fear,3,500
sub0012,sub0012_30,0,58,232,surprise,6,500
sub0012,sub0012_31,0,47,73,fear,3,500
sub0012,sub0012_32,0,63,142,disgust,2,500
sub0012,sub0012_33,0,160,224,fear,3,500
sub0012,sub0012_34,0,86,134,disgust,2,500
sub0012,sub0012_35,0,100,144,disgust,2,500
sub0012,sub0012_36,0,47,161,disgust,2,500
sub0012,sub0012_37,0,25,103,disgust,2,500
sub0012,sub0012_38,0,90,195,disgust,2,500
sub0012,sub0012_39,0,80,137,disgust,2,500
sub0012,sub0012_40,0,76,157,disgust,2,500
sub0012,sub0012_41,0,83,182,surprise,6,500
sub0012,sub0012_42,20,98,202,sadness,5,500
sub0012,sub0012_43,0,55,215,disgust,2,500
sub0012,sub0012_44,0,64,165,disgust,2,500
sub0012,sub0012_45,0,78,168,disgust,2,500
sub0012,sub0012_46,0,126,213,disgust,2,500
sub0012,sub0012_47,25,68,127,fear,3,500
sub0012,sub0012_48,0,56,141,fear,3,500
sub0012,sub0012_49,0,60,128,fear,3,500
sub0013,sub0013_01,30,150,244,happiness,4,500
sub0013,sub0013_02,0,105,191,contempt,1,500
sub0013,sub0013_03,30,61,101,sadness,5,500
sub0013,sub0013_04,18,129,249,anger,0,500
sub0013,sub0013_05,35,62,92,anger,0,500
sub0013,sub0013_06,43,110,194,sadness,5,500
sub0013,sub0013_07,64,100,166,sadness,5,500
sub0013,sub0013_08,0,126,244,disgust,2,500
sub0013,sub0013_09,0,172,215,disgust,2,500
sub0013,sub0013_10,10,84,152,disgust,2,500
sub0013,sub0013_11,0,121,152,anger,0,500
sub0013,sub0013_12,8,50,118,disgust,2,500
sub0013,sub0013_13,51,120,187,contempt,1,500
sub0013,sub0013_14,91,140,204,disgust,2,500
sub0013,sub0013_15,5,45,104,fear,3,500
sub0013,sub0013_16,22,70,172,disgust,2,500
sub0013,sub0013_17,4,74,140,disgust,2,500
sub0013,sub0013_18,58,90,156,disgust,2,500
sub0013,sub0013_19,17,110,203,disgust,2,500
sub0013,sub0013_20,32,60,111,anger,0,500
sub0013,sub0013_21,29,95,202,disgust,2,500
sub0013,sub0013_22,29,50,145,disgust,2,500
sub0013,sub0013_23,15,130,149,anger,0,500
sub0013,sub0013_24,18,90,213,disgust,2,500
sub0013,sub0013_25,11,91,164,disgust,2,500
sub0013,sub0013_26,23,80,183,disgust,2,500
sub0013,sub0013_27,32,85,188,disgust,2,500
sub0013,sub0013_28,0,75,199,disgust,2,500
sub0013,sub0013_29,26,100,190,disgust,2,500
sub0013,sub0013_30,40,119,213,disgust,2,500
sub0013,sub0013_31,36,120,222,disgust,2,500
sub0013,sub0013_32,35,98,172,disgust,2,500
sub0014,sub0014_01,73,145,215,sadness,5,500
sub0014,sub0014_02,30,152,236,sadness,5,500
sub0014,sub0014_03,14,70,127,sadness,5,500
sub0014,sub0014_04,0,118,168,sadness,5,500
sub0014,sub0014_05,9,113,250,sadness,5,500
sub0014,sub0014_06,32,146,223,sadness,5,500
sub0014,sub0014_07,34,188,280,sadness,5,500
sub0014,sub0014_08,43,111,205,surprise,6,500
sub0014,sub0014_09,0,153,249,disgust,2,500
sub0014,sub0014_10,17,116,204,disgust,2,500
sub0014,sub0014_11,59,92,282,disgust,2,500
sub0014,sub0014_12,27,90,100,anger,0,500
sub0014,sub0014_13,52,119,192,surprise,6,500
sub0014,sub0014_14,80,130,287,anger,0,500
sub0014,sub0014_15,15,95,134,anger,0,500
sub0014,sub0014_16,0,55,185,fear,3,500
sub0014,sub0014_17,80,100,189,sadness,5,500
sub0014,sub0014_18,26,90,124,contempt,1,500
sub0014,sub0014_19,39,100,212,sadness,5,500
sub0014,sub0014_20,33,90,190,surprise,6,500
sub0014,sub0014_21,8,88,183,sadness,5,500
sub0014,sub0014_22,18,141,249,surprise,6,500
sub0014,sub0014_23,36,110,150,disgust,2,500
sub0014,sub0014_24,37,110,204,disgust,2,500
sub0014,sub0014_25,119,203,309,fear,3,500
sub0014,sub0014_26,34,70,139,disgust,2,500
sub0014,sub0014_27,7,110,206,disgust,2,500
sub0014,sub0014_28,43,80,187,disgust,2,500
sub0014,sub0014_29,38,121,186,surprise,6,500
sub0014,sub0014_30,12,150,245,disgust,2,500
sub0015,sub0015_01,0,90,211,sadness,5,500
sub0015,sub0015_02,0,87,196,sadness,5,500
sub0015,sub0015_03,0,68,125,sadness,5,500
sub0015,sub0015_04,0,69,222,sadness,5,500
sub0015,sub0015_05,0,78,167,sadness,5,500
sub0015,sub0015_06,0,130,226,happiness,4,500
sub0015,sub0015_07,0,138,237,happiness,4,500
sub0015,sub0015_08,21,101,237,happiness,4,500
sub0015,sub0015_09,17,130,134,surprise,6,500
sub0015,sub0015_10,37,143,225,anger,0,500
sub0015,sub0015_11,0,105,219,fear,3,500
sub0015,sub0015_12,0,75,147,contempt,1,500
sub0015,sub0015_13,20,91,198,surprise,6,500
sub0015,sub0015_14,0,81,185,surprise,6,500
sub0015,sub0015_15,0,79,158,disgust,2,500
sub0015,sub0015_16,0,97,196,surprise,6,500
sub0015,sub0015_17,61,79,127,disgust,2,500
sub0015,sub0015_18,10,105,134,surprise,6,500
sub0015,sub0015_19,0,96,236,fear,3,500
sub0015,sub0015_20,0,48,210,surprise,6,500
sub0015,sub0015_21,0,116,237,disgust,2,500
sub0015,sub0015_22,0,171,244,disgust,2,500
sub0015,sub0015_23,0,148,237,disgust,2,500
sub0572,sub0572_01,0,101,217,contempt,1,500
sub0572,sub0572_02,118,230,235,anger,0,500
sub0572,sub0572_03,0,52,180,surprise,6,500
sub0572,sub0572_04,20,140,221,surprise,6,500
sub0572,sub0572_05,0,48,103,disgust,2,500
sub0572,sub0572_06,0,92,233,happiness,4,500
sub0573,sub0573_01,0,119,248,fear,3,500
sub0573,sub0573_02,27,151,204,fear,3,500
sub0573,sub0573_03,70,190,235,fear,3,500
sub0573,sub0573_04,59,182,237,fear,3,500
sub0573,sub0573_05,18,150,234,disgust,2,500
sub0573,sub0573_06,41,165,226,happiness,4,500
sub0573,sub0573_07,0,85,133,surprise,6,500
sub0573,sub0573_08,0,113,212,sadness,5,500
sub0573,sub0573_09,120,240,242,happiness,4,500
sub0573,sub0573_10,112,231,236,happiness,4,500
sub0573,sub0573_11,0,107,193,surprise,6,500
sub0574,sub0574_01,42,135,230,surprise,6,500
sub0574,sub0574_02,0,66,151,surprise,6,500
sub0574,sub0574_03,0,78,200,anger,0,500
sub0574,sub0574_04,0,38,102,contempt,1,500
sub0574,sub0574_05,0,158,222,disgust,2,500
sub0574,sub0574_06,0,76,169,contempt,1,500
sub0574,sub0574_07,0,98,225,fear,3,500
sub0574,sub0574_08,0,93,213,fear,3,500
sub0574,sub0574_09,0,73,188,fear,3,500
sub0574,sub0574_10,0,49,117,fear,3,500
sub0574,sub0574_11,0,80,210,disgust,2,500
sub0574,sub0574_12,0,76,197,disgust,2,500
sub0574,sub0574_13,0,120,245,happiness,4,500
sub0574,sub0574_14,0,112,245,sadness,5,500
sub0574,sub0574_15,0,120,233,anger,0,500
sub0575,sub0575_01,0,91,176,fear,3,500
sub0575,sub0575_02,0,118,171,fear,3,500
sub0575,sub0575_03,0,73,139,fear,3,500
sub0575,sub0575_04,0,61,143,contempt,1,500
sub0575,sub0575_05,0,21,92,disgust,2,500
sub0575,sub0575_06,112,168,236,disgust,2,500
sub0575,sub0575_07,0,63,128,contempt,1,500
sub0575,sub0575_08,0,73,152,fear,3,500
sub0575,sub0575_09,0,73,116,fear,3,500
sub0575,sub0575_10,0,59,155,fear,3,500
sub0575,sub0575_11,0,90,164,fear,3,500
sub0575,sub0575_12,0,158,230,disgust,2,500
sub0575,sub0575_13,0,42,98,disgust,2,500
sub0575,sub0575_14,75,190,249,disgust,2,500
sub0575,sub0575_15,0,85,170,disgust,2,500
sub0575,sub0575_16,0,119,249,sadness,5,500
sub0575,sub0575_17,0,84,156,anger,0,500
sub0575,sub0575_18,0,81,164,anger,0,500
sub0575,sub0575_19,0,114,243,disgust,2,500
sub0577,sub0577_01,0,80,190,disgust,2,500
sub0577,sub0577_02,0,55,167,happiness,4,500
sub0577,sub0577_03,0,140,225,sadness,5,500
sub0577,sub0577_04,0,60,170,fear,3,500
sub0577,sub0577_05,0,103,186,fear,3,500
sub0577,sub0577_06,0,60,180,disgust,2,500
sub0577,sub0577_07,0,85,185,disgust,2,500
sub0577,sub0577_08,0,92,213,sadness,5,500
sub0577,sub0577_09,0,90,230,sadness,5,500
sub0577,sub0577_10,0,128,228,disgust,2,500
sub0577,sub0577_11,0,92,180,happiness,4,500
sub0580,sub0580_01,120,230,234,surprise,6,500
sub0580,sub0580_02,50,150,249,fear,3,500
sub0580,sub0580_03,50,130,260,surprise,6,500
sub0580,sub0580_04,10,120,249,surprise,6,500
sub0580,sub0580_05,0,57,170,disgust,2,500
sub0580,sub0580_06,0,75,197,disgust,2,500
sub0584,sub0584_01,0,88,207,surprise,6,500
sub0584,sub0584_02,0,84,198,fear,3,500
sub0584,sub0584_03,40,154,272,fear,3,500
sub0584,sub0584_04,0,95,162,sadness,5,500
sub0584,sub0584_05,90,146,300,surprise,6,500
sub0590,sub0590_01,0,66,239,disgust,2,500
sub0590,sub0590_02,0,108,240,disgust,2,500
sub0590,sub0590_03,130,250,254,surprise,6,500
sub0590,sub0590_04,0,108,229,contempt,1,500
sub0590,sub0590_05,0,136,224,disgust,2,500
sub0590,sub0590_06,0,101,246,anger,0,500
sub0594,sub0594_01,0,45,83,surprise,6,500
sub0594,sub0594_02,16,140,255,fear,3,500
sub0594,sub0594_03,0,156,245,anger,0,500
sub0594,sub0594_04,5,129,217,fear,3,500
sub0594,sub0594_05,0,126,246,happiness,4,500
sub0594,sub0594_06,16,140,223,sadness,5,500
sub0597,sub0597_01,0,58,215,surprise,6,500
sub0597,sub0597_02,0,61,239,fear,3,500
sub0597,sub0597_03,30,120,258,fear,3,500
sub0597,sub0597_04,0,115,249,fear,3,500
sub0597,sub0597_05,0,122,248,fear,3,500
sub0597,sub0597_06,7,105,250,disgust,2,500
sub0597,sub0597_07,0,87,249,surprise,6,500
sub0597,sub0597_08,0,160,249,sadness,5,500
sub0598,sub0598_01,0,79,186,surprise,6,500
sub0598,sub0598_02,0,117,120,sadness,5,500
sub0598,sub0598_03,0,134,249,sadness,5,500
sub0598,sub0598_04,0,151,248,disgust,2,500
sub0598,sub0598_05,10,132,247,sadness,5,500
sub0598,sub0598_06,76,153,245,sadness,5,500
sub0598,sub0598_07,0,89,233,sadness,5,500
sub0599,sub0599_01,48,116,148,surprise,6,500
sub0599,sub0599_02,95,215,218,happiness,4,500
sub0599,sub0599_03,0,90,205,contempt,1,500
sub0599,sub0599_04,115,231,239,surprise,6,500
sub0599,sub0599_05,30,74,109,surprise,6,500
sub0599,sub0599_06,120,243,244,sadness,5,500
sub0599,sub0599_07,47,155,204,anger,0,500
sub0599,sub0599_08,120,243,244,surprise,6,500
sub0599,sub0599_09,0,103,200,fear,3,500
sub0599,sub0599_10,120,243,244,fear,3,500
sub0599,sub0599_11,0,120,224,fear,3,500
sub0599,sub0599_12,7,131,225,fear,3,500
sub0599,sub0599_13,47,135,205,disgust,2,500
sub0599,sub0599_14,0,137,246,disgust,2,500
sub0599,sub0599_15,35,150,199,surprise,6,500
sub0599,sub0599_16,0,53,134,disgust,2,500
sub0599,sub0599_17,0,95,200,surprise,6,500
sub0599,sub0599_18,111,230,235,contempt,1,500
sub0599,sub0599_19,7,131,193,happiness,4,500
sub0599,sub0599_20,114,228,238,surprise,6,500
sub0599,sub0599_21,33,155,234,surprise,6,500
sub0599,sub0599_22,30,153,229,anger,0,500
sub0641,sub0641_01,0,149,245,sadness,5,500
sub0641,sub0641_02,0,140,213,fear,3,500
sub0641,sub0641_03,60,171,246,fear,3,500
sub0641,sub0641_04,0,65,166,fear,3,500
sub0641,sub0641_05,0,95,249,fear,3,500
sub0641,sub0641_06,0,64,118,surprise,6,500
sub0641,sub0641_07,13,137,245,surprise,6,500
sub0641,sub0641_08,10,148,259,surprise,6,500
sub0641,sub0641_09,0,61,129,disgust,2,500
sub0641,sub0641_10,50,164,185,surprise,6,500
sub0641,sub0641_11,0,128,243,fear,3,500
sub0641,sub0641_12,0,120,249,fear,3,500
sub0641,sub0641_13,0,127,197,happiness,4,500
sub0641,sub0641_14,9,139,258,happiness,4,500
sub0641,sub0641_15,0,123,152,happiness,4,500
sub0641,sub0641_16,0,100,193,sadness,5,500
sub0641,sub0641_17,10,134,242,anger,0,500
sub0641,sub0641_18,0,63,141,sadness,5,500
sub0642,sub0642_01,0,96,230,happiness,4,500
sub0642,sub0642_02,0,75,148,happiness,4,500
sub0642,sub0642_03,0,85,224,surprise,6,500
sub0642,sub0642_04,0,52,135,disgust,2,500
sub0642,sub0642_05,0,48,156,disgust,2,500
sub0642,sub0642_06,0,83,180,surprise,6,500
sub0642,sub0642_07,0,80,235,disgust,2,500
sub0642,sub0642_08,0,51,168,disgust,2,500
sub0642,sub0642_09,0,135,182,disgust,2,500
sub0642,sub0642_10,0,75,227,happiness,4,500
sub0642,sub0642_11,0,68,151,happiness,4,500
sub0642,sub0642_12,0,50,144,anger,0,500
sub0642,sub0642_13,0,124,255,sadness,5,500
sub0643,sub0643_01,0,107,239,happiness,4,500
sub0643,sub0643_02,0,85,176,happiness,4,500
sub0643,sub0643_03,31,155,225,happiness,4,500
sub0643,sub0643_04,0,103,215,happiness,4,500
sub0643,sub0643_05,0,79,229,happiness,4,500
sub0643,sub0643_06,0,92,227,contempt,1,500
sub0643,sub0643_07,2,127,251,contempt,1,500
sub0643,sub0643_08,0,97,225,contempt,1,500
sub0643,sub0643_09,0,58,199,contempt,1,500
sub0643,sub0643_10,13,137,182,anger,0,500
sub0643,sub0643_11,0,33,154,fear,3,500
sub0643,sub0643_12,0,85,188,fear,3,500
sub0643,sub0643_13,0,68,180,fear,3,500
sub0643,sub0643_14,0,47,174,fear,3,500
sub0643,sub0643_15,0,66,133,fear,3,500
sub0643,sub0643_16,0,73,146,fear,3,500
sub0643,sub0643_17,0,109,202,happiness,4,500
sub0643,sub0643_18,0,101,237,sadness,5,500
sub0643,sub0643_19,0,97,220,sadness,5,500
sub0645,sub0645_01,0,91,183,surprise,6,500
sub0645,sub0645_02,0,97,251,surprise,6,500
sub0645,sub0645_03,40,147,244,contempt,1,500
sub0645,sub0645_04,0,115,242,disgust,2,500
sub0645,sub0645_05,5,129,150,anger,0,500
sub0645,sub0645_06,0,57,127,anger,0,500
sub0645,sub0645_07,5,127,206,anger,0,500
sub0645,sub0645_08,0,109,241,anger,0,500
sub0645,sub0645_09,10,133,147,anger,0,500
sub0645,sub0645_10,0,159,235,disgust,2,500
sub0645,sub0645_11,0,56,139,disgust,2,500
sub0645,sub0645_12,0,82,229,disgust,2,500
sub0645,sub0645_13,0,108,199,disgust,2,500
sub0645,sub0645_14,0,124,243,happiness,4,500
sub0645,sub0645_15,105,201,227,happiness,4,500
sub0645,sub0645_16,0,158,247,happiness,4,500
sub0645,sub0645_17,123,245,247,happiness,4,500
sub0645,sub0645_18,0,86,163,happiness,4,500
sub0645,sub0645_19,116,235,238,happiness,4,500
sub0645,sub0645_20,0,164,247,happiness,4,500
sub0645,sub0645_21,0,109,188,sadness,5,500
sub0645,sub0645_22,0,101,210,sadness,5,500
sub0645,sub0645_23,70,190,242,sadness,5,500
sub0646,sub0646_01,0,204,249,contempt,1,500
sub0646,sub0646_02,0,111,148,fear,3,500
sub0646,sub0646_03,0,93,162,surprise,6,500
sub0646,sub0646_04,0,32,92,disgust,2,500
sub0646,sub0646_05,0,62,127,disgust,2,500
sub0646,sub0646_06,0,80,174,fear,3,500
sub0646,sub0646_07,10,130,258,fear,3,500
sub0646,sub0646_08,0,125,249,happiness,4,500
sub0646,sub0646_09,0,119,229,surprise,6,500
sub0646,sub0646_10,0,65,135,happiness,4,500
sub0647,sub0647_01,10,134,240,happiness,4,500
sub0647,sub0647_02,0,117,242,contempt,1,500
sub0647,sub0647_03,88,152,233,contempt,1,500
sub0647,sub0647_04,0,170,212,anger,0,500
sub0647,sub0647_05,220,310,356,anger,0,500
sub0647,sub0647_06,0,101,223,disgust,2,500
sub0647,sub0647_07,0,121,245,disgust,2,500
sub0647,sub0647_08,0,126,246,sadness,5,500
sub0647,sub0647_09,0,164,246,anger,0,500
sub0649,sub0649_01,0,70,216,disgust,2,500
sub0649,sub0649_02,0,129,248,surprise,6,500
sub0649,sub0649_03,0,109,248,fear,3,500
sub0649,sub0649_04,0,125,248,surprise,6,500
sub0649,sub0649_05,0,105,202,happiness,4,500
sub0650,sub0650_01,0,66,198,surprise,6,500
sub0650,sub0650_02,0,99,121,surprise,6,500
sub0650,sub0650_03,0,125,195,disgust,2,500
sub0650,sub0650_04,0,150,232,disgust,2,500
sub0650,sub0650_05,0,108,225,disgust,2,500
sub0650,sub0650_06,0,102,194,surprise,6,500
sub0650,sub0650_07,0,73,200,surprise,6,500
sub0650,sub0650_08,0,81,203,disgust,2,500
sub0650,sub0650_09,0,84,235,surprise,6,500
sub0650,sub0650_10,0,58,206,surprise,6,500
sub0650,sub0650_11,0,153,191,contempt,1,500
sub0650,sub0650_12,0,98,209,disgust,2,500
sub0650,sub0650_13,0,112,238,anger,0,500
sub0650,sub0650_14,0,59,136,anger,0,500
sub0650,sub0650_15,0,116,203,disgust,2,500
sub0650,sub0650_16,0,102,167,disgust,2,500
sub0650,sub0650_17,0,96,181,anger,0,500
sub0650,sub0650_18,0,107,216,anger,0,500
sub0650,sub0650_19,0,67,159,sadness,5,500
sub0650,sub0650_20,0,140,214,happiness,4,500
sub0650,sub0650_21,0,88,245,fear,3,500
sub0650,sub0650_22,0,68,148,surprise,6,500
sub0650,sub0650_23,0,39,146,fear,3,500
sub0650,sub0650_24,50,170,221,fear,3,500
sub0650,sub0650_25,0,70,173,surprise,6,500
sub0650,sub0650_26,0,94,159,disgust,2,500
sub0650,sub0650_27,0,107,189,fear,3,500
sub0650,sub0650_28,0,65,166,fear,3,500
sub0650,sub0650_29,58,180,182,fear,3,500
sub0650,sub0650_30,0,142,186,fear,3,500
sub0650,sub0650_31,0,166,232,fear,3,500
sub0650,sub0650_32,0,120,169,fear,3,500
sub0650,sub0650_33,0,121,236,fear,3,500
sub0650,sub0650_34,0,78,209,fear,3,500
sub0650,sub0650_35,0,215,246,fear,3,500
sub0650,sub0650_36,0,96,208,fear,3,500
sub0650,sub0650_37,0,107,137,surprise,6,500
sub0650,sub0650_38,0,101,167,surprise,6,500
sub0650,sub0650_39,0,117,179,fear,3,500
sub0650,sub0650_40,0,125,165,fear,3,500
sub0650,sub0650_41,0,65,156,fear,3,500
sub0650,sub0650_42,0,82,164,surprise,6,500
sub0650,sub0650_43,0,82,143,surprise,6,500
sub0650,sub0650_44,0,113,191,surprise,6,500
sub0650,sub0650_45,0,100,197,happiness,4,500
sub0650,sub0650_46,0,69,150,happiness,4,500
sub0650,sub0650_47,0,98,209,surprise,6,500
sub0650,sub0650_48,0,72,211,happiness,4,500
sub0650,sub0650_49,108,202,231,sadness,5,500
sub0650,sub0650_50,0,97,133,sadness,5,500
sub0650,sub0650_51,0,92,137,sadness,5,500
sub0650,sub0650_52,0,93,189,sadness,5,500
sub0650,sub0650_53,20,144,216,sadness,5,500
sub0650,sub0650_54,0,90,158,anger,0,500
sub0650,sub0650_55,0,80,177,sadness,5,500
sub0650,sub0650_56,0,73,150,sadness,5,500
sub0653,sub0653_01,0,90,157,fear,3,500
sub0653,sub0653_02,0,71,175,disgust,2,500
sub0653,sub0653_03,0,137,237,disgust,2,500
sub0653,sub0653_04,0,120,171,disgust,2,500
sub0654,sub0654_01,9,128,247,sadness,5,500
sub0654,sub0654_02,0,70,166,contempt,1,500
sub0654,sub0654_03,0,98,190,anger,0,500
sub0654,sub0654_04,0,73,155,disgust,2,500
sub0654,sub0654_05,0,90,152,disgust,2,500
sub0654,sub0654_06,0,33,81,fear,3,500
sub0654,sub0654_07,0,45,163,fear,3,500
sub0654,sub0654_08,0,95,244,anger,0,500
sub0655,sub0655_01,0,109,248,sadness,5,500
sub0655,sub0655_02,3,127,245,sadness,5,500
sub0655,sub0655_03,20,192,269,sadness,5,500
sub0655,sub0655_04,0,114,185,sadness,5,500
sub0655,sub0655_05,16,140,248,sadness,5,500
sub0655,sub0655_06,70,194,254,contempt,1,500
sub0655,sub0655_07,0,93,161,surprise,6,500
sub0655,sub0655_08,0,111,240,fear,3,500
sub0655,sub0655_09,0,88,245,fear,3,500
sub0655,sub0655_10,0,92,234,fear,3,500
sub0655,sub0655_11,0,129,246,surprise,6,500
sub0655,sub0655_12,0,113,243,fear,3,500
sub0655,sub0655_13,0,97,186,disgust,2,500
sub0655,sub0655_14,0,147,243,disgust,2,500
sub0655,sub0655_15,0,120,245,disgust,2,500
sub0655,sub0655_16,0,51,136,disgust,2,500
sub0655,sub0655_17,0,80,172,surprise,6,500
sub0655,sub0655_18,0,136,248,disgust,2,500
sub0655,sub0655_19,0,93,182,happiness,4,500
sub0655,sub0655_20,0,112,204,disgust,2,500
sub0655,sub0655_21,0,90,247,contempt,1,500
sub0655,sub0655_22,0,141,231,contempt,1,500
sub0655,sub0655_23,0,87,245,surprise,6,500
sub0655,sub0655_24,0,178,247,surprise,6,500
sub0655,sub0655_25,0,119,244,disgust,2,500
sub0655,sub0655_26,0,91,209,contempt,1,500
sub0657,sub0657_01,0,107,249,fear,3,500
sub0657,sub0657_02,0,66,168,fear,3,500
sub0657,sub0657_03,0,59,156,fear,3,500
sub0657,sub0657_04,0,44,91,fear,3,500
sub0657,sub0657_05,0,101,204,disgust,2,500
sub0657,sub0657_06,0,150,248,surprise,6,500
sub0657,sub0657_07,2,164,249,disgust,2,500
sub0657,sub0657_08,0,100,246,disgust,2,500
sub0657,sub0657_09,0,41,79,happiness,4,500
sub0657,sub0657_10,91,210,215,happiness,4,500
sub0657,sub0657_11,0,151,245,happiness,4,500
sub0660,sub0660_01,0,91,229,contempt,1,500
sub0660,sub0660_02,0,86,252,surprise,6,500
sub0660,sub0660_03,0,150,242,surprise,6,500
sub0660,sub0660_04,0,66,206,disgust,2,500
sub0660,sub0660_05,0,83,145,disgust,2,500
sub0660,sub0660_06,0,109,270,sadness,5,500
sub0661,sub0661_01,2,142,251,happiness,4,500
sub0662,sub0662_01,8,132,188,anger,0,500
sub0662,sub0662_02,47,171,239,fear,3,500
sub0662,sub0662_03,0,40,111,surprise,6,500
sub0662,sub0662_04,0,116,244,happiness,4,500
sub0662,sub0662_05,0,113,247,happiness,4,500
sub0662,sub0662_06,122,238,245,happiness,4,500
sub0662,sub0662_07,149,198,244,surprise,6,500
sub0662,sub0662_08,0,103,238,happiness,4,500
sub0662,sub0662_09,0,141,248,happiness,4,500
sub0662,sub0662_10,0,52,147,contempt,1,500
sub0662,sub0662_11,0,67,218,sadness,5,500
sub0664,sub0664_01,0,91,248,fear,3,500
sub0664,sub0664_02,0,109,243,fear,3,500
sub0665,sub0665_01,0,93,199,disgust,2,500
sub0665,sub0665_02,0,110,231,disgust,2,500
sub0665,sub0665_03,0,90,225,disgust,2,500
sub0665,sub0665_04,0,69,159,contempt,1,500
sub0665,sub0665_05,0,72,242,disgust,2,500
sub0665,sub0665_06,0,85,223,disgust,2,500
sub0665,sub0665_07,0,71,166,disgust,2,500
sub0665,sub0665_08,0,61,175,contempt,1,500
sub0665,sub0665_09,0,174,240,disgust,2,500
sub0665,sub0665_10,16,139,247,anger,0,500
sub0665,sub0665_11,0,78,165,anger,0,500
sub0665,sub0665_12,0,113,229,disgust,2,500
sub0665,sub0665_13,0,139,245,surprise,6,500
sub0665,sub0665_14,0,95,238,fear,3,500
sub0665,sub0665_15,0,56,197,fear,3,500
sub0665,sub0665_16,0,40,94,disgust,2,500
sub0665,sub0665_17,0,102,236,happiness,4,500
sub0665,sub0665_18,0,64,173,happiness,4,500
sub0665,sub0665_19,0,67,198,happiness,4,500
sub0665,sub0665_20,0,77,195,sadness,5,500
sub0665,sub0665_21,0,82,168,sadness,5,500
sub0665,sub0665_22,0,117,247,anger,0,500
sub0665,sub0665_23,0,94,244,sadness,5,500
sub0666,sub0666_01,0,176,235,fear,3,500
sub0667,sub0667_01,0,114,218,surprise,6,500
sub0668,sub0668_01,0,162,239,disgust,2,500
sub0668,sub0668_02,0,121,231,disgust,2,500
sub0668,sub0668_03,0,103,223,surprise,6,500
sub0668,sub0668_04,0,70,237,fear,3,500
sub0668,sub0668_05,0,117,165,fear,3,500
sub0668,sub0668_06,0,66,177,sadness,5,500
sub0669,sub0669_01,0,44,146,surprise,6,500
sub0669,sub0669_02,0,117,244,fear,3,500
sub0669,sub0669_03,0,101,168,fear,3,500
sub0669,sub0669_04,0,36,172,fear,3,500
sub0669,sub0669_05,0,108,228,fear,3,500
sub0669,sub0669_06,0,107,246,surprise,6,500
sub0669,sub0669_07,0,92,155,disgust,2,500
sub0669,sub0669_08,0,120,236,fear,3,500
sub0669,sub0669_09,0,108,249,disgust,2,500
sub0669,sub0669_10,0,78,194,surprise,6,500
sub0669,sub0669_11,6,130,173,fear,3,500
sub0669,sub0669_12,0,95,228,happiness,4,500
sub0669,sub0669_13,0,81,242,surprise,6,500
sub0669,sub0669_14,0,110,244,surprise,6,500
sub0669,sub0669_15,0,45,169,surprise,6,500
sub0669,sub0669_16,0,127,236,surprise,6,500
sub0669,sub0669_17,0,63,128,disgust,2,500
sub0669,sub0669_18,0,106,245,surprise,6,500
sub0670,sub0670_01,46,170,247,contempt,1,500
sub0670,sub0670_02,0,108,247,surprise,6,500
sub0670,sub0670_03,0,86,197,contempt,1,500
sub0670,sub0670_04,0,65,137,disgust,2,500
sub0670,sub0670_05,0,88,216,sadness,5,500
sub0670,sub0670_06,0,108,244,sadness,5,500
sub0670,sub0670_07,0,114,246,contempt,1,500
sub0670,sub0670_08,0,98,243,sadness,5,500
sub0670,sub0670_09,0,116,245,anger,0,500
sub0670,sub0670_10,0,112,232,disgust,2,500
sub0670,sub0670_11,11,135,247,fear,3,500
sub0670,sub0670_12,0,126,245,disgust,2,500
sub0670,sub0670_13,13,137,237,surprise,6,500
sub0670,sub0670_14,0,110,247,contempt,1,500
sub0670,sub0670_15,0,109,233,surprise,6,500
sub0670,sub0670_16,46,170,246,fear,3,500
sub0017,sub0017_01,14,27,46,disgust,2,300
sub0017,sub0017_02,14,64,102,fear,3,300
sub0017,sub0017_03,151,170,172,fear,3,300
sub0019,sub0019_01,5,36,82,surprise,6,300
sub0019,sub0019_02,90,130,180,surprise,6,300
sub0019,sub0019_03,100,170,174,surprise,6,300
sub0019,sub0019_04,20,72,138,fear,3,300
sub0019,sub0019_05,55,118,152,fear,3,300
sub0019,sub0019_06,51,115,173,surprise,6,300
sub0019,sub0019_07,40,100,164,surprise,6,300
sub0019,sub0019_08,21,84,116,disgust,2,300
sub0019,sub0019_09,125,224,263,surprise,6,300
sub0019,sub0019_10,51,83,136,surprise,6,300
sub0019,sub0019_11,10,111,159,surprise,6,300
sub0021,sub0021_01,0,23,62,happiness,4,300
sub0021,sub0021_02,96,156,209,happiness,4,300
sub0021,sub0021_03,20,81,162,surprise,6,300
sub0021,sub0021_04,0,80,140,fear,3,300
sub0021,sub0021_05,40,63,94,disgust,2,300
sub0021,sub0021_06,0,84,139,disgust,2,300
sub0022,sub0022_01,0,76,146,sadness,5,300
sub0022,sub0022_02,0,33,133,disgust,2,300
sub0022,sub0022_03,45,150,190,fear,3,300
sub0022,sub0022_04,6,51,134,disgust,2,300
sub0022,sub0022_05,27,120,175,disgust,2,300
sub0023,sub0023_01,10,58,100,surprise,6,300
sub0023,sub0023_02,28,155,177,sadness,5,300
sub0023,sub0023_03,0,64,139,sadness,5,300
sub0023,sub0023_04,50,148,197,sadness,5,300
sub0023,sub0023_05,7,73,107,disgust,2,300
sub0023,sub0023_06,0,85,142,anger,0,300
sub0023,sub0023_07,0,80,145,anger,0,300
sub0023,sub0023_08,0,81,133,fear,3,300
sub0023,sub0023_09,0,54,104,fear,3,300
sub0023,sub0023_10,12,68,104,fear,3,300
sub0023,sub0023_11,9,74,121,happiness,4,300
sub0023,sub0023_12,15,104,164,happiness,4,300
sub0023,sub0023_13,15,84,145,disgust,2,300
sub0023,sub0023_14,0,53,99,disgust,2,300
sub0025,sub0025_01,0,57,112,disgust,2,300
sub0026,sub0026_01,0,60,123,happiness,4,300
sub0026,sub0026_02,127,195,200,surprise,6,300
sub0026,sub0026_03,0,53,142,surprise,6,300
sub0026,sub0026_04,0,68,136,surprise,6,300
sub0026,sub0026_05,55,150,198,happiness,4,300
sub0026,sub0026_06,73,89,102,fear,3,300
sub0026,sub0026_07,10,129,156,disgust,2,300
sub0026,sub0026_08,5,70,136,surprise,6,300
sub0026,sub0026_09,0,58,145,surprise,6,300
sub0027,sub0027_01,20,109,159,disgust,2,300
sub0028,sub0028_01,35,118,185,happiness,4,300
sub0028,sub0028_02,3,81,151,happiness,4,300
sub0028,sub0028_03,0,51,115,sadness,5,300
sub0028,sub0028_04,27,107,175,disgust,2,300
sub0028,sub0028_05,55,96,150,disgust,2,300
sub0028,sub0028_06,0,36,100,surprise,6,300
sub0028,sub0028_07,10,86,141,happiness,4,300
sub0028,sub0028_08,0,60,120,disgust,2,300
sub0028,sub0028_09,40,80,140,contempt,1,300
sub0028,sub0028_10,15,80,150,disgust,2,300
sub0028,sub0028_11,0,70,146,anger,0,300
sub0028,sub0028_12,10,79,124,anger,0,300
sub0028,sub0028_13,0,58,115,disgust,2,300
sub0028,sub0028_14,0,77,146,disgust,2,300
sub0028,sub0028_15,40,90,183,disgust,2,300
sub0031,sub0031_01,43,70,129,sadness,5,300
sub0031,sub0031_02,0,28,92,sadness,5,300
sub0031,sub0031_03,0,65,87,sadness,5,300
sub0031,sub0031_04,90,133,200,sadness,5,300
sub0031,sub0031_05,0,91,147,sadness,5,300
sub0031,sub0031_06,28,76,165,sadness,5,300
sub0031,sub0031_07,7,110,155,contempt,1,300
sub0031,sub0031_08,51,150,200,contempt,1,300
sub0031,sub0031_09,46,100,115,anger,0,300
sub0031,sub0031_10,120,165,206,anger,0,300
sub0031,sub0031_11,16,50,96,fear,3,300
sub0031,sub0031_12,0,44,116,disgust,2,300
sub0031,sub0031_13,0,53,128,surprise,6,300
sub0032,sub0032_01,19,70,143,happiness,4,300
sub0032,sub0032_02,0,54,71,happiness,4,300
sub0032,sub0032_03,17,80,106,sadness,5,300
sub0032,sub0032_04,52,140,201,sadness,5,300
sub0032,sub0032_05,19,104,160,sadness,5,300
sub0032,sub0032_06,50,137,195,sadness,5,300
sub0032,sub0032_07,12,97,154,sadness,5,300
sub0032,sub0032_08,50,126,198,sadness,5,300
sub0032,sub0032_09,20,93,160,sadness,5,300
sub0032,sub0032_10,0,70,148,sadness,5,300
sub0032,sub0032_11,5,72,107,sadness,5,300
sub0032,sub0032_12,36,82,111,sadness,5,300
sub0032,sub0032_13,33,63,139,surprise,6,300
sub0032,sub0032_14,20,83,135,surprise,6,300
sub0032,sub0032_15,37,95,104,happiness,4,300
sub0032,sub0032_16,39,81,167,happiness,4,300
sub0032,sub0032_17,20,85,145,disgust,2,300
sub0032,sub0032_18,48,134,190,disgust,2,300
sub0032,sub0032_19,0,45,118,anger,0,300
sub0032,sub0032_20,20,75,155,disgust,2,300
sub0032,sub0032_21,11,85,156,sadness,5,300
sub0032,sub0032_22,0,64,122,fear,3,300
sub0032,sub0032_23,11,45,91,fear,3,300
sub0032,sub0032_24,0,23,32,fear,3,300
sub0032,sub0032_25,40,71,122,fear,3,300
sub0032,sub0032_26,11,72,136,disgust,2,300
sub0032,sub0032_27,20,113,162,disgust,2,300
sub0032,sub0032_28,0,53,145,disgust,2,300
sub0032,sub0032_29,56,115,126,happiness,4,300
sub0032,sub0032_30,16,48,160,disgust,2,300
sub0032,sub0032_31,7,90,137,happiness,4,300
sub0032,sub0032_32,0,45,145,disgust,2,300
sub0032,sub0032_33,7,63,125,disgust,2,300
sub0033,sub0033_01,65,92,112,surprise,6,300
sub0033,sub0033_02,48,105,153,anger,0,300
sub0033,sub0033_03,56,85,150,fear,3,300
sub0033,sub0033_04,0,81,140,disgust,2,300
sub0034,sub0034_01,93,159,166,happiness,4,300
sub0034,sub0034_02,12,56,129,contempt,1,300
sub0034,sub0034_03,0,68,114,disgust,2,300
sub0035,sub0035_01,0,26,80,disgust,2,300
sub0035,sub0035_02,0,66,135,disgust,2,300
sub0035,sub0035_03,12,72,146,disgust,2,300
sub0035,sub0035_04,0,61,124,anger,0,300
sub0035,sub0035_05,0,48,117,disgust,2,300
sub0035,sub0035_06,0,52,102,anger,0,300
sub0035,sub0035_07,70,130,212,sadness,5,300
sub0035,sub0035_08,0,70,110,sadness,5,300
sub0035,sub0035_09,115,169,221,sadness,5,300
sub0035,sub0035_10,9,82,155,sadness,5,300
sub0035,sub0035_11,0,50,129,sadness,5,300
sub0035,sub0035_12,0,53,90,sadness,5,300
sub0035,sub0035_13,6,84,136,sadness,5,300
sub0035,sub0035_14,34,90,158,sadness,5,300
sub0035,sub0035_15,7,97,153,anger,0,300
sub0035,sub0035_16,20,70,123,surprise,6,300
sub0035,sub0035_17,20,100,165,disgust,2,300
sub0035,sub0035_18,8,58,149,disgust,2,300
sub0035,sub0035_19,10,60,154,anger,0,300
sub0035,sub0035_20,34,84,165,disgust,2,300
sub0035,sub0035_21,20,71,131,fear,3,300
sub0035,sub0035_22,0,43,145,fear,3,300
sub0035,sub0035_23,26,80,178,fear,3,300
sub0035,sub0035_24,10,62,130,fear,3,300
sub0035,sub0035_25,10,90,140,surprise,6,300
sub0035,sub0035_26,6,65,135,fear,3,300
sub0035,sub0035_27,57,100,144,disgust,2,300
sub0035,sub0035_28,13,60,104,disgust,2,300
sub0035,sub0035_29,16,58,133,disgust,2,300
sub0036,sub0036_01,24,90,158,fear,3,300
sub0036,sub0036_02,0,30,95,fear,3,300
sub0036,sub0036_03,40,112,205,fear,3,300
sub0036,sub0036_04,67,119,200,fear,3,300
sub0037,sub0037_01,30,80,155,happiness,4,300
sub0037,sub0037_02,10,98,156,happiness,4,300
sub0037,sub0037_03,10,78,160,surprise,6,300
sub0037,sub0037_04,37,92,161,sadness,5,300
sub0037,sub0037_05,25,80,121,sadness,5,300
sub0037,sub0037_06,15,61,125,sadness,5,300
sub0037,sub0037_07,30,105,180,sadness,5,300
sub0037,sub0037_08,15,62,168,contempt,1,300
sub0037,sub0037_09,22,61,150,contempt,1,300
sub0037,sub0037_10,0,90,137,anger,0,300
sub0037,sub0037_11,10,97,159,surprise,6,300
sub0037,sub0037_12,10,63,150,fear,3,300
sub0037,sub0037_13,20,59,150,fear,3,300
sub0037,sub0037_14,0,70,120,fear,3,300
sub0037,sub0037_15,0,78,145,disgust,2,300
sub0037,sub0037_16,20,73,140,disgust,2,300
sub0037,sub0037_17,10,79,157,disgust,2,300
sub0037,sub0037_18,10,72,160,surprise,6,300
sub0037,sub0037_19,10,61,155,surprise,6,300
sub0037,sub0037_20,30,82,156,surprise,6,300
sub0037,sub0037_21,10,51,89,surprise,6,300
sub0037,sub0037_22,91,125,162,disgust,2,300
sub0037,sub0037_23,0,40,87,disgust,2,300
sub0038,sub0038_01,0,64,134,surprise,6,300
sub0038,sub0038_02,0,27,121,disgust,2,300
sub0039,sub0039_01,0,43,94,surprise,6,300
sub0039,sub0039_02,19,56,108,sadness,5,300
sub0039,sub0039_03,11,52,70,surprise,6,300
sub0039,sub0039_04,0,48,73,fear,3,300
sub0040,sub0040_01,46,132,148,happiness,4,300
sub0040,sub0040_02,32,96,181,happiness,4,300
sub0040,sub0040_03,20,52,100,surprise,6,300
sub0040,sub0040_04,0,53,136,surprise,6,300
sub0040,sub0040_05,30,88,176,surprise,6,300
sub0040,sub0040_06,8,58,107,surprise,6,300
sub0040,sub0040_07,30,120,173,happiness,4,300
sub0040,sub0040_08,23,68,168,surprise,6,300
sub0040,sub0040_09,44,119,200,surprise,6,300
sub0040,sub0040_10,8,50,102,surprise,6,300
sub0040,sub0040_11,40,69,161,surprise,6,300
sub0040,sub0040_12,0,68,132,fear,3,300
sub0041,sub0041_01,10,45,84,disgust,2,300
sub0041,sub0041_02,2,36,69,disgust,2,300
sub0041,sub0041_03,39,70,123,sadness,5,300
sub0041,sub0041_04,0,41,120,sadness,5,300
sub0041,sub0041_05,43,120,159,sadness,5,300
sub0041,sub0041_06,45,138,180,sadness,5,300
sub0041,sub0041_07,30,81,172,sadness,5,300
sub0041,sub0041_08,36,90,110,sadness,5,300
sub0041,sub0041_09,50,130,166,sadness,5,300
sub0041,sub0041_10,8,36,78,disgust,2,300
sub0041,sub0041_11,0,20,60,disgust,2,300
sub0041,sub0041_12,14,56,139,disgust,2,300
sub0041,sub0041_13,20,90,147,disgust,2,300
sub0041,sub0041_14,0,20,70,disgust,2,300
sub0041,sub0041_15,28,64,111,disgust,2,300
sub0041,sub0041_16,10,80,124,disgust,2,300
sub0041,sub0041_17,23,61,133,disgust,2,300
sub0041,sub0041_18,10,54,100,disgust,2,300
sub0041,sub0041_19,20,71,108,disgust,2,300
sub0042,sub0042_01,20,95,152,happiness,4,300
sub0042,sub0042_02,5,55,102,sadness,5,300
sub0042,sub0042_03,124,224,262,contempt,1,300
sub0042,sub0042_04,0,36,129,fear,3,300
sub0042,sub0042_05,0,59,128,fear,3,300
sub0042,sub0042_06,34,87,140,fear,3,300
sub0042,sub0042_07,0,69,145,disgust,2,300
sub0042,sub0042_08,0,66,148,disgust,2,300
sub0042,sub0042_09,24,100,167,disgust,2,300
sub0043,sub0043_01,47,93,160,sadness,5,300
sub0043,sub0043_02,53,75,183,sadness,5,300
sub0043,sub0043_03,28,72,182,anger,0,300
sub0043,sub0043_04,22,66,180,surprise,6,300
sub0043,sub0043_05,31,100,180,fear,3,300
sub0043,sub0043_06,21,96,127,fear,3,300
sub0043,sub0043_07,0,64,145,fear,3,300
sub0043,sub0043_08,16,112,165,fear,3,300
sub0043,sub0043_09,49,106,153,fear,3,300
sub0043,sub0043_10,10,80,160,fear,3,300
sub0043,sub0043_11,23,95,181,fear,3,300
sub0043,sub0043_12,40,108,190,surprise,6,300
sub0044,sub0044_01,0,73,142,surprise,6,300
sub0044,sub0044_02,0,33,104,surprise,6,300
sub0044,sub0044_03,36,112,185,surprise,6,300
sub0045,sub0045_01,0,48,96,disgust,2,300
sub0045,sub0045_02,15,62,160,surprise,6,300
sub0045,sub0045_03,16,80,166,surprise,6,300
sub0045,sub0045_04,0,68,104,sadness,5,300
sub0045,sub0045_05,24,85,180,anger,0,300
sub0045,sub0045_06,43,109,153,disgust,2,300
sub0045,sub0045_07,44,81,174,fear,3,300
sub0045,sub0045_08,11,41,114,disgust,2,300
sub0045,sub0045_09,10,67,158,disgust,2,300
sub0047,sub0047_01,45,107,116,contempt,1,300
sub0047,sub0047_02,0,110,132,sadness,5,300
sub0047,sub0047_03,30,73,149,sadness,5,300
sub0047,sub0047_04,20,82,147,surprise,6,300
sub0047,sub0047_05,12,86,161,sadness,5,300
sub0047,sub0047_06,0,103,142,disgust,2,300
sub0047,sub0047_07,30,98,122,disgust,2,300
sub0047,sub0047_08,126,227,263,disgust,2,300
sub0047,sub0047_09,28,83,112,fear,3,300
sub0047,sub0047_10,55,127,195,disgust,2,300
sub0048,sub0048_01,0,66,145,disgust,2,300
sub0048,sub0048_02,30,71,111,happiness,4,300
sub0048,sub0048_03,0,79,145,disgust,2,300
sub0048,sub0048_04,31,113,180,sadness,5,300
sub0048,sub0048_05,3,58,92,happiness,4,300
sub0048,sub0048_06,0,42,130,anger,0,300
sub0048,sub0048_07,0,52,123,fear,3,300
sub0048,sub0048_08,10,73,153,disgust,2,300
sub0048,sub0048_09,0,90,131,happiness,4,300
sub0048,sub0048_10,0,48,112,disgust,2,300
sub0049,sub0049_01,183,254,317,happiness,4,300
sub0049,sub0049_02,25,99,158,happiness,4,300
sub0049,sub0049_03,15,103,151,happiness,4,300
sub0049,sub0049_04,59,138,201,happiness,4,300
sub0049,sub0049_05,0,80,126,sadness,5,300
sub0049,sub0049_06,5,95,150,contempt,1,300
sub0049,sub0049_07,37,90,186,happiness,4,300
sub0049,sub0049_08,0,50,133,contempt,1,300
sub0049,sub0049_09,0,24,69,disgust,2,300
sub0049,sub0049_10,21,112,143,anger,0,300
sub0049,sub0049_11,6,46,109,disgust,2,300
sub0049,sub0049_12,19,70,124,disgust,2,300
sub0049,sub0049_13,12,64,112,anger,0,300
sub0049,sub0049_14,7,98,146,disgust,2,300
sub0049,sub0049_15,50,137,199,happiness,4,300
sub0049,sub0049_16,13,56,128,happiness,4,300
sub0049,sub0049_17,0,33,67,disgust,2,300
sub0051,sub0051_01,3,57,109,disgust,2,300
sub0051,sub0051_02,8,30,81,disgust,2,300
sub0051,sub0051_03,5,60,110,contempt,1,300
sub0051,sub0051_04,15,66,129,disgust,2,300
sub0053,sub0053_01,5,75,131,disgust,2,300
sub0053,sub0053_02,0,80,128,disgust,2,300
sub0053,sub0053_03,8,70,126,surprise,6,300
sub0053,sub0053_04,0,60,143,disgust,2,300
sub0053,sub0053_05,50,150,181,contempt,1,300
sub0053,sub0053_06,35,96,180,contempt,1,300
sub0054,sub0054_01,0,99,135,disgust,2,300
sub0057,sub0057_01,40,113,165,fear,3,300
sub0057,sub0057_02,30,103,161,happiness,4,300
sub0058,sub0058_01,0,68,109,sadness,5,300
sub0058,sub0058_02,0,81,121,sadness,5,300
sub0058,sub0058_03,0,40,56,sadness,5,300
sub0058,sub0058_04,0,53,120,sadness,5,300
sub0058,sub0058_05,0,70,122,sadness,5,300
sub0058,sub0058_06,30,90,179,sadness,5,300
sub0058,sub0058_07,22,55,92,disgust,2,300
sub0058,sub0058_08,0,29,59,disgust,2,300
sub0058,sub0058_09,0,43,87,disgust,2,300
sub0058,sub0058_10,0,50,117,disgust,2,300
sub0058,sub0058_11,0,60,110,disgust,2,300
sub0058,sub0058_12,0,82,148,disgust,2,300
sub0058,sub0058_13,19,138,168,happiness,4,300
sub0059,sub0059_01,0,95,148,sadness,5,300
sub0059,sub0059_02,38,135,177,sadness,5,300
sub0059,sub0059_03,24,102,173,contempt,1,300
sub0059,sub0059_04,0,79,118,anger,0,300
sub0059,sub0059_05,51,160,200,sadness,5,300
sub0059,sub0059_06,0,81,137,disgust,2,300
sub0059,sub0059_07,19,89,170,fear,3,300
sub0059,sub0059_08,0,102,143,happiness,4,300
sub0060,sub0060_01,11,56,83,happiness,4,300
sub0060,sub0060_02,10,40,57,happiness,4,300
sub0060,sub0060_03,35,125,164,surprise,6,300
sub0060,sub0060_04,0,90,115,contempt,1,300
sub0060,sub0060_05,41,110,190,fear,3,300
sub0060,sub0060_06,0,36,73,disgust,2,300
sub0060,sub0060_07,8,68,90,happiness,4,300
sub0060,sub0060_08,1,43,90,happiness,4,300
sub0060,sub0060_09,18,112,130,happiness,4,300
sub0062,sub0062_01,7,66,123,surprise,6,300
sub0062,sub0062_02,0,67,138,fear,3,300
sub0062,sub0062_03,36,64,99,disgust,2,300
sub0063,sub0063_01,0,130,143,happiness,4,300
sub0063,sub0063_02,0,50,83,surprise,6,300
sub0063,sub0063_03,0,54,101,surprise,6,300
sub0063,sub0063_04,0,60,118,sadness,5,300
sub0063,sub0063_05,0,81,149,surprise,6,300
sub0063,sub0063_06,20,109,167,happiness,4,300
sub0063,sub0063_07,0,39,115,happiness,4,300
sub0063,sub0063_08,26,123,175,happiness,4,300
sub0063,sub0063_09,10,98,158,happiness,4,300
sub0063,sub0063_10,15,75,86,contempt,1,300
sub0065,sub0065_01,0,27,129,surprise,6,300
sub0065,sub0065_02,41,116,188,happiness,4,300
sub0065,sub0065_03,45,120,181,happiness,4,300
sub0065,sub0065_04,0,83,148,sadness,5,300
sub0065,sub0065_05,0,86,134,sadness,5,300
sub0065,sub0065_06,0,88,149,sadness,5,300
sub0065,sub0065_07,0,81,140,sadness,5,300
sub0065,sub0065_08,0,103,127,sadness,5,300
sub0065,sub0065_09,21,115,170,sadness,5,300
sub0065,sub0065_10,40,78,110,disgust,2,300
sub0065,sub0065_11,0,49,116,disgust,2,300
sub0065,sub0065_12,0,69,135,disgust,2,300
sub0065,sub0065_13,0,45,120,fear,3,300
sub0065,sub0065_14,15,69,155,fear,3,300
sub0065,sub0065_15,95,177,239,fear,3,300
sub0065,sub0065_16,15,109,163,fear,3,300
sub0065,sub0065_17,0,73,125,fear,3,300
sub0065,sub0065_18,30,115,176,fear,3,300
sub0065,sub0065_19,0,62,133,fear,3,300
sub0065,sub0065_20,0,65,145,fear,3,300
sub0065,sub0065_21,0,52,110,disgust,2,300
sub0065,sub0065_22,0,43,129,disgust,2,300
sub0065,sub0065_23,30,116,170,disgust,2,300
sub0065,sub0065_24,0,129,149,happiness,4,300
sub0065,sub0065_25,0,73,147,disgust,2,300
sub0065,sub0065_26,0,68,115,fear,3,300
sub0069,sub0069_01,103,161,180,surprise,6,300
sub0069,sub0069_02,0,96,145,sadness,5,300
sub0069,sub0069_03,27,92,117,anger,0,300
sub0069,sub0069_04,117,180,212,surprise,6,300
sub0069,sub0069_05,43,102,165,surprise,6,300
sub0069,sub0069_06,18,72,107,disgust,2,300
sub0069,sub0069_07,25,50,86,fear,3,300
sub0071,sub0071_01,15,55,129,sadness,5,300
sub0071,sub0071_02,56,126,212,sadness,5,300
sub0071,sub0071_03,0,79,105,sadness,5,300
sub0071,sub0071_04,170,214,299,sadness,5,300
sub0071,sub0071_05,0,46,60,sadness,5,300
sub0071,sub0071_06,0,94,126,anger,0,300
sub0071,sub0071_07,0,37,114,disgust,2,300
sub0071,sub0071_08,25,56,149,fear,3,300
sub0071,sub0071_09,0,41,85,disgust,2,300
sub0072,sub0072_01,0,33,81,surprise,6,300
sub0072,sub0072_02,55,81,142,surprise,6,300
sub0072,sub0072_03,30,102,168,sadness,5,300
sub0072,sub0072_04,26,51,70,surprise,6,300
sub0072,sub0072_05,0,62,155,sadness,5,300
sub0072,sub0072_06,0,50,83,surprise,6,300
sub0072,sub0072_07,0,16,55,surprise,6,300
sub0072,sub0072_08,20,46,99,surprise,6,300
sub0072,sub0072_09,0,27,58,surprise,6,300
sub0073,sub0073_01,30,68,90,disgust,2,300
sub0073,sub0073_02,47,95,163,fear,3,300
sub0073,sub0073_03,44,86,144,disgust,2,300
sub0073,sub0073_04,0,50,128,surprise,6,300
sub0073,sub0073_05,48,98,130,disgust,2,300
sub0073,sub0073_06,73,147,162,surprise,6,300
sub0073,sub0073_07,70,152,202,disgust,2,300
sub0074,sub0074_01,3,88,133,sadness,5,300
sub0074,sub0074_02,0,73,95,sadness,5,300
sub0074,sub0074_03,4,71,161,surprise,6,300
sub0074,sub0074_04,10,82,160,surprise,6,300
sub0074,sub0074_05,0,58,139,surprise,6,300
sub0074,sub0074_06,1,89,119,surprise,6,300
sub0074,sub0074_07,2,44,95,disgust,2,300
sub0074,sub0074_08,5,34,85,surprise,6,300
sub0074,sub0074_09,1,39,89,disgust,2,300
sub0074,sub0074_10,0,45,98,disgust,2,300
sub0074,sub0074_11,3,89,138,disgust,2,300
sub0074,sub0074_12,1,41,135,surprise,6,300
sub0075,sub0075_01,1,33,82,disgust,2,300
sub0075,sub0075_02,1,58,117,anger,0,300
sub0075,sub0075_03,14,52,74,surprise,6,300
sub0075,sub0075_04,1,53,94,disgust,2,300
sub0076,sub0076_01,0,82,137,surprise,6,300
sub0076,sub0076_02,51,102,142,surprise,6,300
sub0076,sub0076_03,0,81,147,surprise,6,300
sub0076,sub0076_04,24,63,131,surprise,6,300
sub0078,sub0078_01,0,32,98,surprise,6,300
sub0078,sub0078_02,0,47,117,disgust,2,300
sub0079,sub0079_01,15,90,175,sadness,5,300
sub0079,sub0079_02,9,69,155,fear,3,300
sub0079,sub0079_03,0,72,142,fear,3,300
sub0079,sub0079_04,15,92,164,fear,3,300
sub0079,sub0079_05,0,55,131,fear,3,300
sub0079,sub0079_06,0,40,103,surprise,6,300
sub0080,sub0080_01,33,115,182,happiness,4,300
sub0080,sub0080_02,0,56,147,sadness,5,300
sub0080,sub0080_03,25,105,174,sadness,5,300
sub0080,sub0080_04,22,70,105,contempt,1,300
sub0080,sub0080_05,25,105,171,disgust,2,300
sub0080,sub0080_06,50,160,173,fear,3,300
sub0080,sub0080_07,0,85,140,disgust,2,300
sub0080,sub0080_08,0,59,112,disgust,2,300
sub0080,sub0080_09,0,85,109,happiness,4,300
sub0082,sub0082_01,19,89,151,surprise,6,300
sub0082,sub0082_02,7,83,153,surprise,6,300
sub0082,sub0082_03,1,35,58,fear,3,300
sub0082,sub0082_04,1,66,99,fear,3,300
sub0082,sub0082_05,10,59,151,disgust,2,300
sub0082,sub0082_06,14,82,144,disgust,2,300
sub0082,sub0082_07,19,68,130,disgust,2,300
sub0082,sub0082_08,22,81,113,happiness,4,300
sub0082,sub0082_09,17,98,165,surprise,6,300
sub0082,sub0082_10,0,90,148,disgust,2,300
sub0084,sub0084_01,0,23,77,fear,3,300
sub0084,sub0084_02,0,59,136,sadness,5,300
sub0084,sub0084_03,49,105,172,sadness,5,300
sub0084,sub0084_04,27,96,163,sadness,5,300
sub0084,sub0084_05,57,120,180,sadness,5,300
sub0084,sub0084_06,0,59,125,anger,0,300
sub0085,sub0085_01,19,87,145,happiness,4,300
sub0087,sub0087_01,0,75,136,contempt,1,300
sub0087,sub0087_02,15,86,158,anger,0,300
sub0089,sub0089_01,12,62,111,surprise,6,300
sub0089,sub0089_02,0,35,73,surprise,6,300
sub0089,sub0089_03,16,54,101,surprise,6,300
sub0089,sub0089_04,12,85,155,disgust,2,300
sub0089,sub0089_05,0,51,74,sadness,5,300
sub0089,sub0089_06,18,115,167,sadness,5,300
sub0089,sub0089_07,0,75,136,sadness,5,300
sub0089,sub0089_08,43,149,192,sadness,5,300
sub0089,sub0089_09,0,64,116,anger,0,300
sub0089,sub0089_10,0,72,156,anger,0,300
sub0089,sub0089_11,39,112,188,anger,0,300
sub0089,sub0089_12,0,47,126,anger,0,300
sub0089,sub0089_13,0,73,109,anger,0,300
sub0089,sub0089_14,30,88,156,fear,3,300
sub0089,sub0089_15,0,47,120,fear,3,300
sub0089,sub0089_16,0,70,138,fear,3,300
sub0089,sub0089_17,0,47,87,fear,3,300
sub0089,sub0089_18,0,34,69,fear,3,300
sub0089,sub0089_19,0,62,132,surprise,6,300
sub0089,sub0089_20,0,59,145,fear,3,300
sub0089,sub0089_21,20,82,170,fear,3,300
sub0089,sub0089_22,0,51,140,fear,3,300
sub0089,sub0089_23,18,77,167,fear,3,300
sub0089,sub0089_24,0,45,148,fear,3,300
sub0089,sub0089_25,0,50,111,disgust,2,300
sub0089,sub0089_26,23,98,181,surprise,6,300
sub0090,sub0090_01,0,76,148,disgust,2,300
sub0090,sub0090_02,10,101,148,disgust,2,300
sub0090,sub0090_03,0,79,134,surprise,6,300
sub0090,sub0090_04,23,127,144,surprise,6,300
sub0090,sub0090_05,70,131,189,contempt,1,300
sub0090,sub0090_06,45,86,154,fear,3,300
sub0090,sub0090_07,35,115,180,fear,3,300
sub0090,sub0090_08,40,149,172,surprise,6,300
sub0091,sub0091_01,0,71,128,disgust,2,300
sub0091,sub0091_02,35,131,184,fear,3,300
sub0091,sub0091_03,0,51,86,fear,3,300
sub0091,sub0091_04,74,165,199,happiness,4,300
sub0093,sub0093_01,20,69,145,disgust,2,300
sub0093,sub0093_02,30,129,155,contempt,1,300
sub0094,sub0094_01,8,65,125,disgust,2,300
sub0094,sub0094_02,22,68,133,disgust,2,300
sub0094,sub0094_03,3,55,142,fear,3,300
sub0094,sub0094_04,0,68,135,fear,3,300
sub0094,sub0094_05,20,83,145,surprise,6,300
sub0094,sub0094_06,0,73,140,disgust,2,300
sub0094,sub0094_07,0,61,145,disgust,2,300
sub0094,sub0094_08,44,150,183,anger,0,300
sub0094,sub0094_09,35,145,180,anger,0,300
sub0094,sub0094_10,0,60,128,anger,0,300
sub0094,sub0094_11,0,48,96,disgust,2,300
sub0094,sub0094_12,5,30,61,disgust,2,300
sub0094,sub0094_13,0,48,78,disgust,2,300
sub0095,sub0095_01,0,36,61,disgust,2,300
sub0095,sub0095_02,16,37,68,disgust,2,300
sub0095,sub0095_03,7,44,90,disgust,2,300
sub0095,sub0095_04,0,55,95,sadness,5,300
sub0095,sub0095_05,21,74,129,sadness,5,300
sub0095,sub0095_06,41,57,70,sadness,5,300
sub0095,sub0095_07,16,52,82,sadness,5,300
sub0095,sub0095_08,0,28,45,anger,0,300
sub0095,sub0095_09,0,32,85,anger,0,300
sub0095,sub0095_10,0,37,70,fear,3,300
sub0095,sub0095_11,35,76,135,disgust,2,300
sub0095,sub0095_12,0,72,130,disgust,2,300
sub0095,sub0095_13,5,31,72,disgust,2,300
sub0095,sub0095_14,0,31,59,disgust,2,300
sub0095,sub0095_15,27,86,151,surprise,6,300
sub0095,sub0095_16,12,55,125,surprise,6,300
sub0099,sub0099_01,23,125,169,sadness,5,300
sub0099,sub0099_02,39,110,180,sadness,5,300
sub0099,sub0099_03,57,86,125,disgust,2,300
sub0099,sub0099_04,0,69,122,fear,3,300
sub0100,sub0100_01,15,90,170,happiness,4,300
sub0100,sub0100_02,0,65,146,happiness,4,300
sub0100,sub0100_03,8,100,126,happiness,4,300
sub0100,sub0100_04,0,31,66,disgust,2,300
sub0101,sub0101_01,17,56,116,disgust,2,300
sub0101,sub0101_02,0,61,84,anger,0,300
sub0101,sub0101_03,0,49,96,anger,0,300
sub0101,sub0101_04,12,60,154,disgust,2,300
sub0101,sub0101_05,21,77,159,disgust,2,300
sub0102,sub0102_01,28,89,147,sadness,5,300
sub0102,sub0102_02,16,48,97,disgust,2,300
sub0102,sub0102_03,0,52,98,disgust,2,300
sub0104,sub0104_01,0,103,128,surprise,6,300
sub0104,sub0104_02,20,113,140,happiness,4,300
sub0104,sub0104_03,0,40,146,surprise,6,300
sub0104,sub0104_04,18,54,99,surprise,6,300
sub0104,sub0104_05,29,114,176,happiness,4,300
sub0104,sub0104_06,35,129,178,disgust,2,300
sub0104,sub0104_07,36,63,81,disgust,2,300
sub0105,sub0105_01,30,127,153,happiness,4,300
sub0105,sub0105_02,0,35,131,contempt,1,300
sub0105,sub0105_03,47,131,192,contempt,1,300
sub0105,sub0105_04,0,64,139,contempt,1,300
sub0105,sub0105_05,31,53,77,disgust,2,300
sub0105,sub0105_06,30,86,183,happiness,4,300
sub0105,sub0105_07,5,31,60,contempt,1,300
sub0106,sub0106_01,15,50,71,surprise,6,300
sub0106,sub0106_02,20,47,92,surprise,6,300
sub0106,sub0106_03,0,27,86,surprise,6,300
sub0106,sub0106_04,0,38,100,disgust,2,300
sub0106,sub0106_05,0,25,103,surprise,6,300
sub0106,sub0106_06,0,44,120,surprise,6,300
sub0106,sub0106_07,0,42,133,surprise,6,300
sub0106,sub0106_08,0,40,151,surprise,6,300
sub0106,sub0106_09,0,40,91,disgust,2,300
sub0106,sub0106_10,26,100,140,disgust,2,300
sub0106,sub0106_11,0,35,80,anger,0,300
sub0106,sub0106_12,0,34,63,anger,0,300
sub0106,sub0106_13,0,64,144,disgust,2,300
sub0106,sub0106_14,0,25,52,fear,3,300
sub0106,sub0106_15,0,32,55,fear,3,300
sub0106,sub0106_16,0,28,68,disgust,2,300
sub0106,sub0106_17,9,100,153,disgust,2,300
sub0106,sub0106_18,155,188,216,surprise,6,300
sub0106,sub0106_19,0,27,87,disgust,2,300
sub0106,sub0106_20,20,55,78,disgust,2,300
sub0106,sub0106_21,0,38,64,disgust,2,300
sub0106,sub0106_22,19,127,157,happiness,4,300
sub0107,sub0107_01,50,110,190,sadness,5,300
sub0107,sub0107_02,10,84,145,disgust,2,300
sub0107,sub0107_03,30,128,155,happiness,4,300
sub0108,sub0108_01,35,91,138,contempt,1,300
sub0108,sub0108_02,0,65,106,sadness,5,300
sub0108,sub0108_03,0,99,149,sadness,5,300
sub0108,sub0108_04,0,57,138,sadness,5,300
sub0108,sub0108_05,6,65,140,surprise,6,300
sub0108,sub0108_06,50,115,210,surprise,6,300
sub0108,sub0108_07,0,34,63,disgust,2,300
sub0108,sub0108_08,0,37,75,disgust,2,300
sub0108,sub0108_09,9,73,153,fear,3,300
sub0108,sub0108_10,0,59,121,fear,3,300
sub0108,sub0108_11,3,42,67,fear,3,300
sub0108,sub0108_12,0,59,149,fear,3,300
sub0108,sub0108_13,0,100,139,fear,3,300
sub0108,sub0108_14,60,133,160,surprise,6,300
sub0108,sub0108_15,0,58,119,disgust,2,300
sub0108,sub0108_16,20,98,135,happiness,4,300
sub0108,sub0108_17,3,37,90,disgust,2,300
sub0108,sub0108_18,8,74,155,surprise,6,300
sub0108,sub0108_19,0,52,91,disgust,2,300
sub0108,sub0108_20,8,74,153,disgust,2,300
sub0108,sub0108_21,0,44,114,disgust,2,300
sub0109,sub0109_01,0,77,140,sadness,5,300
sub0109,sub0109_02,0,106,141,surprise,6,300
sub0109,sub0109_03,0,90,148,surprise,6,300
sub0109,sub0109_04,8,88,155,surprise,6,300
sub0109,sub0109_05,24,116,173,surprise,6,300
sub0043,sub0043_13,27,117,175,surprise,6,300
sub0062,sub0062_04,0,104,149,surprise,6,300
sub0099,sub0099_05,20,83,169,surprise,6,300
sub0106,sub0106_23,0,60,78,surprise,6,300
sub0111,sub0111_01,6,66,104,disgust,2,200
sub0111,sub0111_02,1,57,97,disgust,2,200
sub0111,sub0111_03,0,30,63,disgust,2,200
sub0111,sub0111_04,0,40,93,disgust,2,200
sub0111,sub0111_05,1,30,70,sadness,5,200
sub0111,sub0111_06,0,42,64,sadness,5,200
sub0111,sub0111_07,0,22,63,sadness,5,200
sub0111,sub0111_08,25,76,117,sadness,5,200
sub0111,sub0111_09,1,27,81,anger,0,200
sub0111,sub0111_10,1,49,97,anger,0,200
sub0111,sub0111_11,1,32,96,disgust,2,200
sub0111,sub0111_12,4,33,81,disgust,2,200
sub0111,sub0111_13,0,51,94,happiness,4,200
sub0111,sub0111_14,1,41,63,happiness,4,200
sub0112,sub0112_01,0,30,57,disgust,2,200
sub0112,sub0112_02,0,45,80,disgust,2,200
sub0112,sub0112_03,0,30,87,sadness,5,200
sub0112,sub0112_04,0,45,90,surprise,6,200
sub0112,sub0112_05,10,43,125,surprise,6,200
sub0112,sub0112_06,0,26,83,surprise,6,200
sub0112,sub0112_07,0,25,49,disgust,2,200
sub0112,sub0112_08,0,30,93,surprise,6,200
sub0112,sub0112_09,0,30,85,surprise,6,200
sub0112,sub0112_10,0,20,40,disgust,2,200
sub0112,sub0112_11,0,35,74,disgust,2,200
sub0112,sub0112_12,0,35,62,disgust,2,200
sub0112,sub0112_13,0,26,60,surprise,6,200
sub0112,sub0112_14,1,54,100,surprise,6,200
sub0113,sub0113_01,38,87,121,happiness,4,200
sub0113,sub0113_02,13,74,112,sadness,5,200
sub0113,sub0113_03,1,60,89,contempt,1,200
sub0113,sub0113_04,99,142,199,contempt,1,200
sub0113,sub0113_05,33,82,87,surprise,6,200
sub0113,sub0113_06,17,80,113,surprise,6,200
sub0113,sub0113_07,49,100,145,disgust,2,200
sub0113,sub0113_08,23,70,119,happiness,4,200
sub0113,sub0113_09,13,47,126,happiness,4,200
sub0113,sub0113_10,46,100,139,disgust,2,200
sub0114,sub0114_01,0,60,85,contempt,1,200
sub0114,sub0114_02,0,53,85,disgust,2,200
sub0114,sub0114_03,6,48,83,happiness,4,200
sub0114,sub0114_04,3,42,71,happiness,4,200
sub0115,sub0115_01,17,45,70,surprise,6,200
sub0115,sub0115_02,20,65,92,surprise,6,200
sub0116,sub0116_01,0,29,75,sadness,5,200
sub0116,sub0116_02,5,20,41,fear,3,200
sub0116,sub0116_03,7,24,52,fear,3,200
sub0116,sub0116_04,29,48,91,surprise,6,200
sub0117,sub0117_01,0,47,86,disgust,2,200
sub0117,sub0117_02,0,39,68,sadness,5,200
sub0117,sub0117_03,0,36,82,sadness,5,200
sub0117,sub0117_04,0,42,72,sadness,5,200
sub0117,sub0117_05,0,40,62,anger,0,200
sub0117,sub0117_06,0,41,79,disgust,2,200
sub0117,sub0117_07,0,25,49,disgust,2,200
sub0117,sub0117_08,0,14,26,disgust,2,200
sub0117,sub0117_09,0,46,92,disgust,2,200
sub0117,sub0117_10,0,43,73,disgust,2,200
sub0117,sub0117_11,0,57,91,disgust,2,200
sub0117,sub0117_12,0,48,98,disgust,2,200
sub0117,sub0117_13,0,46,80,disgust,2,200
sub0117,sub0117_14,0,26,45,disgust,2,200
sub0117,sub0117_15,0,31,80,disgust,2,200
sub0117,sub0117_16,0,32,58,disgust,2,200
sub0117,sub0117_17,0,35,80,disgust,2,200
sub0117,sub0117_18,0,42,94,disgust,2,200
sub0117,sub0117_19,0,38,80,disgust,2,200
sub0117,sub0117_20,0,36,71,disgust,2,200
sub0118,sub0118_01,45,87,141,fear,3,200
sub0118,sub0118_02,12,52,59,fear,3,200
sub0118,sub0118_03,65,103,125,fear,3,200
sub0119,sub0119_01,41,90,115,happiness,4,200
sub0119,sub0119_02,68,88,112,contempt,1,200
sub0119,sub0119_03,10,30,97,disgust,2,200
sub0120,sub0120_01,7,42,96,surprise,6,200
sub0121,sub0121_01,12,68,91,happiness,4,200
sub0121,sub0121_02,42,81,111,disgust,2,200
sub0122,sub0122_01,44,70,118,disgust,2,200
sub0123,sub0123_01,2,49,115,anger,0,200
sub0123,sub0123_02,3,50,86,disgust,2,200
sub0124,sub0124_01,7,49,93,surprise,6,200
sub0126,sub0126_01,16,70,101,happiness,4,200
sub0126,sub0126_02,28,70,100,happiness,4,200
sub0126,sub0126_03,22,42,105,contempt,1,200
sub0126,sub0126_04,12,70,96,disgust,2,200
sub0126,sub0126_05,5,54,132,surprise,6,200
sub0126,sub0126_06,16,54,96,fear,3,200
sub0126,sub0126_07,17,76,107,fear,3,200
sub0126,sub0126_08,10,70,107,disgust,2,200
sub0126,sub0126_09,13,39,109,disgust,2,200
sub0126,sub0126_10,5,51,91,disgust,2,200
sub0126,sub0126_11,40,90,135,contempt,1,200
sub0129,sub0129_01,35,74,107,disgust,2,200
sub0129,sub0129_02,6,53,96,fear,3,200
sub0129,sub0129_03,9,40,77,fear,3,200
sub0129,sub0129_04,14,37,123,fear,3,200
sub0129,sub0129_05,15,65,108,surprise,6,200
sub0132,sub0132_01,1,50,85,sadness,5,200
sub0132,sub0132_02,40,78,133,fear,3,200
sub0132,sub0132_03,0,63,99,fear,3,200
sub0133,sub0133_01,13,62,125,happiness,4,200
sub0133,sub0133_02,11,60,100,contempt,1,200
sub0133,sub0133_03,12,61,91,happiness,4,200
sub0134,sub0134_01,2,32,61,happiness,4,200
sub0134,sub0134_02,0,70,90,happiness,4,200
sub0134,sub0134_03,18,67,100,surprise,6,200
sub0134,sub0134_04,20,48,67,surprise,6,200
sub0134,sub0134_05,3,18,70,disgust,2,200
sub0134,sub0134_06,13,58,84,surprise,6,200
sub0134,sub0134_07,9,38,85,disgust,2,200
sub0134,sub0134_08,52,100,101,surprise,6,200
sub0134,sub0134_09,8,50,91,surprise,6,200
sub0134,sub0134_10,8,22,40,disgust,2,200
sub0134,sub0134_11,5,51,97,surprise,6,200
sub0135,sub0135_01,0,46,62,disgust,2,200
sub0135,sub0135_02,60,118,153,disgust,2,200
sub0135,sub0135_03,0,40,96,disgust,2,200
sub0135,sub0135_04,0,36,79,sadness,5,200
sub0135,sub0135_05,0,26,113,anger,0,200
sub0135,sub0135_06,32,80,130,disgust,2,200
sub0135,sub0135_07,8,39,76,fear,3,200
sub0135,sub0135_08,0,35,98,disgust,2,200
sub0135,sub0135_09,29,73,124,disgust,2,200
sub0135,sub0135_10,7,48,71,disgust,2,200
sub0135,sub0135_11,12,45,79,disgust,2,200
sub0135,sub0135_12,2,35,85,contempt,1,200
sub0137,sub0137_01,2,51,107,surprise,6,200
sub0137,sub0137_02,4,42,92,fear,3,200
sub0138,sub0138_01,9,57,107,surprise,6,200
sub0138,sub0138_02,0,59,90,disgust,2,200
sub0138,sub0138_03,2,51,64,surprise,6,200
sub0140,sub0140_01,1,49,91,surprise,6,200
sub0140,sub0140_02,0,26,63,surprise,6,200
sub0140,sub0140_03,332,365,430,fear,3,200
sub0140,sub0140_04,62,108,156,disgust,2,200
sub0140,sub0140_05,1,43,84,disgust,2,200
sub0140,sub0140_06,1,30,49,disgust,2,200
sub0140,sub0140_07,90,113,167,surprise,6,200
sub0141,sub0141_01,0,32,67,sadness,5,200
sub0141,sub0141_02,0,37,78,sadness,5,200
sub0141,sub0141_03,11,95,109,sadness,5,200
sub0141,sub0141_04,0,55,97,sadness,5,200
sub0141,sub0141_05,0,26,59,sadness,5,200
sub0141,sub0141_06,0,40,95,disgust,2,200
sub0141,sub0141_07,0,28,62,fear,3,200
sub0141,sub0141_08,0,24,72,fear,3,200
sub0141,sub0141_09,0,43,87,fear,3,200
sub0141,sub0141_10,0,41,67,surprise,6,200
sub0141,sub0141_11,0,37,85,contempt,1,200
sub0141,sub0141_12,0,52,99,happiness,4,200
sub0141,sub0141_13,0,51,92,happiness,4,200
sub0143,sub0143_01,33,80,82,anger,0,200
sub0143,sub0143_02,14,61,91,anger,0,200
sub0143,sub0143_03,0,40,88,fear,3,200
sub0143,sub0143_04,17,51,77,fear,3,200
sub0143,sub0143_05,21,42,119,disgust,2,200
sub0143,sub0143_06,2,36,73,disgust,2,200
sub0143,sub0143_07,5,37,74,disgust,2,200
sub0144,sub0144_01,19,46,90,contempt,1,200
sub0144,sub0144_02,22,51,99,disgust,2,200
sub0144,sub0144_03,3,22,52,disgust,2,200
sub0144,sub0144_04,18,34,65,disgust,2,200
sub0144,sub0144_05,19,33,76,disgust,2,200
sub0144,sub0144_06,11,54,99,fear,3,200
sub0144,sub0144_07,0,27,67,disgust,2,200
sub0144,sub0144_08,27,56,114,happiness,4,200
sub0146,sub0146_01,44,71,99,disgust,2,200
sub0146,sub0146_02,0,25,53,disgust,2,200
sub0146,sub0146_03,45,94,99,anger,0,200
sub0146,sub0146_04,0,58,99,anger,0,200
sub0146,sub0146_05,0,60,85,disgust,2,200
sub0146,sub0146_06,0,31,68,disgust,2,200
sub0146,sub0146_07,0,62,98,anger,0,200
sub0146,sub0146_08,25,58,78,fear,3,200
sub0147,sub0147_01,4,54,92,disgust,2,200
sub0147,sub0147_02,0,19,43,disgust,2,200
sub0147,sub0147_03,6,54,83,sadness,5,200
sub0147,sub0147_04,4,57,88,sadness,5,200
sub0147,sub0147_05,0,33,65,sadness,5,200
sub0147,sub0147_06,2,60,96,sadness,5,200
sub0147,sub0147_07,0,37,79,sadness,5,200
sub0147,sub0147_08,7,38,87,sadness,5,200
sub0147,sub0147_09,5,49,81,sadness,5,200
sub0147,sub0147_10,4,31,45,disgust,2,200
sub0147,sub0147_11,6,80,105,happiness,4,200
sub0147,sub0147_12,3,26,64,disgust,2,200
sub0147,sub0147_13,10,60,108,anger,0,200
sub0147,sub0147_14,1,72,100,fear,3,200
sub0147,sub0147_15,0,25,40,disgust,2,200
sub0147,sub0147_16,1,22,42,disgust,2,200
sub0147,sub0147_17,5,27,53,fear,3,200
sub0147,sub0147_18,1,50,100,fear,3,200
sub0147,sub0147_19,9,80,108,happiness,4,200
sub0148,sub0148_01,0,17,42,disgust,2,200
sub0148,sub0148_02,0,53,93,disgust,2,200
sub0148,sub0148_03,0,33,66,disgust,2,200
sub0148,sub0148_04,42,65,95,sadness,5,200
sub0148,sub0148_05,0,34,62,sadness,5,200
sub0148,sub0148_06,0,51,95,sadness,5,200
sub0148,sub0148_07,0,56,88,sadness,5,200
sub0148,sub0148_08,0,21,80,sadness,5,200
sub0148,sub0148_09,17,34,82,sadness,5,200
sub0148,sub0148_10,0,25,51,anger,0,200
sub0148,sub0148_11,0,34,67,anger,0,200
sub0148,sub0148_12,0,41,82,anger,0,200
sub0148,sub0148_13,0,54,95,anger,0,200
sub0148,sub0148_14,0,20,39,disgust,2,200
sub0148,sub0148_15,0,42,89,disgust,2,200
sub0148,sub0148_16,0,34,80,sadness,5,200
sub0148,sub0148_17,0,47,77,fear,3,200
sub0148,sub0148_18,0,28,43,disgust,2,200
sub0148,sub0148_19,0,22,38,disgust,2,200
sub0148,sub0148_20,8,39,74,disgust,2,200
sub0148,sub0148_21,0,35,63,disgust,2,200
sub0148,sub0148_22,0,25,39,disgust,2,200
sub0150,sub0150_01,0,52,87,surprise,6,200
sub0150,sub0150_02,10,54,99,surprise,6,200
sub0150,sub0150_03,0,64,99,happiness,4,200
sub0150,sub0150_04,0,34,58,surprise,6,200
sub0150,sub0150_05,30,75,100,surprise,6,200
sub0150,sub0150_06,25,74,101,disgust,2,200
sub0150,sub0150_07,7,52,104,disgust,2,200
sub0150,sub0150_08,0,25,55,anger,0,200
sub0150,sub0150_09,80,122,150,anger,0,200
sub0150,sub0150_10,173,195,252,anger,0,200
sub0150,sub0150_11,30,83,129,anger,0,200
sub0150,sub0150_12,159,205,245,anger,0,200
sub0150,sub0150_13,67,94,100,anger,0,200
sub0150,sub0150_14,4,53,101,anger,0,200
sub0150,sub0150_15,1,50,55,anger,0,200
sub0150,sub0150_16,0,33,90,fear,3,200
sub0150,sub0150_17,0,18,65,disgust,2,200
sub0150,sub0150_18,0,43,98,surprise,6,200
sub0150,sub0150_19,0,30,55,happiness,4,200
sub0150,sub0150_20,0,20,60,disgust,2,200
sub0150,sub0150_21,0,42,99,surprise,6,200
sub0150,sub0150_22,35,73,103,surprise,6,200
sub0152,sub0152_01,10,61,105,sadness,5,200
sub0152,sub0152_02,25,60,106,sadness,5,200
sub0152,sub0152_03,55,103,104,sadness,5,200
sub0152,sub0152_04,30,75,101,disgust,2,200
sub0152,sub0152_05,15,87,100,disgust,2,200
sub0153,sub0153_01,27,43,60,sadness,5,200
sub0153,sub0153_02,15,41,77,happiness,4,200
sub0153,sub0153_03,17,47,94,sadness,5,200
sub0153,sub0153_04,0,19,60,disgust,2,200
sub0153,sub0153_05,9,16,35,disgust,2,200
sub0153,sub0153_06,13,23,47,anger,0,200
sub0153,sub0153_07,8,10,26,anger,0,200
sub0153,sub0153_08,9,23,41,fear,3,200
sub0153,sub0153_09,11,29,53,disgust,2,200
sub0153,sub0153_10,15,38,71,disgust,2,200
sub0153,sub0153_11,6,17,24,disgust,2,200
sub0153,sub0153_12,13,32,69,disgust,2,200
sub0153,sub0153_13,15,35,55,disgust,2,200
sub0153,sub0153_14,10,25,58,disgust,2,200
sub0154,sub0154_01,16,40,63,happiness,4,200
sub0154,sub0154_02,15,41,80,disgust,2,200
sub0154,sub0154_03,12,30,90,disgust,2,200
sub0157,sub0157_01,26,52,84,sadness,5,200
sub0157,sub0157_02,7,46,73,sadness,5,200
sub0158,sub0158_01,0,40,92,sadness,5,200
sub0158,sub0158_02,4,63,91,happiness,4,200
sub0158,sub0158_03,37,85,95,fear,3,200
sub0158,sub0158_04,9,63,107,disgust,2,200
sub0158,sub0158_05,22,74,91,happiness,4,200
sub0160,sub0160_01,2,22,41,disgust,2,200
sub0160,sub0160_02,14,76,97,happiness,4,200
sub0160,sub0160_03,14,69,90,disgust,2,200
sub0160,sub0160_04,19,64,84,disgust,2,200
sub0160,sub0160_05,12,76,96,disgust,2,200
sub0160,sub0160_06,29,67,89,disgust,2,200
sub0160,sub0160_07,10,55,96,disgust,2,200
sub0160,sub0160_08,1,49,89,disgust,2,200
sub0160,sub0160_09,1,20,90,disgust,2,200
sub0160,sub0160_10,2,31,97,disgust,2,200
sub0160,sub0160_11,30,76,102,disgust,2,200
sub0160,sub0160_12,13,65,95,disgust,2,200
sub0160,sub0160_13,2,51,91,disgust,2,200
sub0160,sub0160_14,1,51,90,disgust,2,200
sub0160,sub0160_15,17,35,51,disgust,2,200
sub0160,sub0160_16,59,83,102,disgust,2,200
sub0160,sub0160_17,1,47,95,disgust,2,200
sub0160,sub0160_18,11,37,96,disgust,2,200
sub0161,sub0161_01,0,18,49,disgust,2,200
sub0161,sub0161_02,10,70,108,happiness,4,200
sub0161,sub0161_03,1,34,62,fear,3,200
sub0161,sub0161_04,63,82,98,disgust,2,200
sub0161,sub0161_05,5,60,92,happiness,4,200
sub0161,sub0161_06,13,60,98,happiness,4,200
sub0161,sub0161_07,20,69,85,happiness,4,200
sub0162,sub0162_01,3,71,98,sadness,5,200
sub0162,sub0162_02,9,56,89,sadness,5,200
sub0162,sub0162_03,0,25,56,surprise,6,200
sub0162,sub0162_04,57,93,100,sadness,5,200
sub0162,sub0162_05,11,56,89,sadness,5,200
sub0162,sub0162_06,24,73,92,contempt,1,200
sub0162,sub0162_07,10,71,109,contempt,1,200
sub0162,sub0162_08,5,59,99,surprise,6,200
sub0162,sub0162_09,1,56,100,surprise,6,200
sub0162,sub0162_10,7,75,98,surprise,6,200
sub0162,sub0162_11,19,68,110,contempt,1,200
sub0162,sub0162_12,63,90,104,surprise,6,200
sub0162,sub0162_13,65,106,108,surprise,6,200
sub0162,sub0162_14,5,46,71,surprise,6,200
sub0162,sub0162_15,5,54,96,surprise,6,200
sub0162,sub0162_16,3,50,89,surprise,6,200
sub0162,sub0162_17,5,33,82,surprise,6,200
sub0162,sub0162_18,45,80,98,surprise,6,200
sub0162,sub0162_19,5,70,99,surprise,6,200
sub0162,sub0162_20,3,46,74,surprise,6,200
sub0162,sub0162_21,23,42,79,fear,3,200
sub0162,sub0162_22,30,80,96,surprise,6,200
sub0163,sub0163_01,16,65,81,sadness,5,200
sub0163,sub0163_02,1,68,84,happiness,4,200
sub0163,sub0163_03,2,64,96,happiness,4,200
sub0163,sub0163_04,3,52,63,fear,3,200
sub0163,sub0163_05,1,38,68,happiness,4,200
sub0164,sub0164_01,8,18,53,disgust,2,200
sub0164,sub0164_02,13,27,56,disgust,2,200
sub0164,sub0164_03,12,56,98,fear,3,200
sub0165,sub0165_01,35,74,106,happiness,4,200
sub0165,sub0165_02,18,51,80,happiness,4,200
sub0165,sub0165_03,0,33,66,sadness,5,200
sub0165,sub0165_04,6,43,66,disgust,2,200
sub0165,sub0165_05,13,73,97,disgust,2,200
sub0165,sub0165_06,23,53,97,disgust,2,200
sub0165,sub0165_07,33,69,111,disgust,2,200
sub0165,sub0165_08,7,32,78,disgust,2,200
sub0167,sub0167_01,13,60,108,happiness,4,200
sub0167,sub0167_02,0,62,99,happiness,4,200
sub0167,sub0167_03,3,55,102,contempt,1,200
sub0167,sub0167_04,3,55,102,anger,0,200
sub0167,sub0167_05,0,34,84,anger,0,200
sub0167,sub0167_06,0,61,99,fear,3,200
sub0167,sub0167_07,0,39,61,fear,3,200
sub0167,sub0167_08,0,40,74,fear,3,200
sub0167,sub0167_09,19,66,104,fear,3,200
sub0167,sub0167_10,10,62,106,disgust,2,200
sub0167,sub0167_11,0,35,88,disgust,2,200
sub0167,sub0167_12,0,16,42,disgust,2,200
sub0167,sub0167_13,0,73,99,surprise,6,200
sub0167,sub0167_14,0,38,93,disgust,2,200
sub0167,sub0167_15,3,54,102,happiness,4,200
sub0168,sub0168_01,78,102,107,happiness,4,200
sub0168,sub0168_02,18,72,103,happiness,4,200
sub0168,sub0168_03,1,33,52,sadness,5,200
sub0168,sub0168_04,1,20,51,sadness,5,200
sub0168,sub0168_05,7,43,76,happiness,4,200
sub0168,sub0168_06,11,63,102,happiness,4,200
sub0168,sub0168_07,39,88,100,happiness,4,200
sub0168,sub0168_08,15,63,99,happiness,4,200
sub0168,sub0168_09,14,50,76,anger,0,200
sub0168,sub0168_10,14,58,87,fear,3,200
sub0168,sub0168_11,11,36,79,fear,3,200
sub0168,sub0168_12,21,54,79,happiness,4,200
sub0168,sub0168_13,7,59,70,disgust,2,200
sub0168,sub0168_14,17,70,88,disgust,2,200
sub0168,sub0168_15,0,28,60,happiness,4,200
sub0168,sub0168_16,10,45,52,happiness,4,200
sub0168,sub0168_17,14,56,93,disgust,2,200
sub0168,sub0168_18,17,53,88,happiness,4,200
sub0168,sub0168_19,10,49,75,happiness,4,200
sub0169,sub0169_01,21,57,133,sadness,5,200
sub0169,sub0169_02,0,62,90,anger,0,200
sub0169,sub0169_03,0,47,93,contempt,1,200
sub0169,sub0169_04,0,31,85,anger,0,200
sub0169,sub0169_05,0,38,84,disgust,2,200
sub0169,sub0169_06,11,36,81,fear,3,200
sub0169,sub0169_07,0,37,78,disgust,2,200
sub0169,sub0169_08,0,42,84,disgust,2,200
sub0169,sub0169_09,0,46,93,disgust,2,200
sub0169,sub0169_10,0,29,95,disgust,2,200
sub0171,sub0171_01,16,64,104,anger,0,200
sub0171,sub0171_02,14,47,90,disgust,2,200
sub0171,sub0171_03,6,49,83,fear,3,200
sub0171,sub0171_04,15,54,101,fear,3,200
sub0171,sub0171_05,12,56,101,disgust,2,200
sub0171,sub0171_06,13,53,93,disgust,2,200
sub0171,sub0171_07,11,70,88,disgust,2,200
sub0171,sub0171_08,13,50,92,fear,3,200
sub0171,sub0171_09,10,62,95,disgust,2,200
sub0171,sub0171_10,56,104,105,happiness,4,200
sub0172,sub0172_01,0,26,98,disgust,2,200
sub0172,sub0172_02,0,54,99,sadness,5,200
sub0172,sub0172_03,55,82,103,disgust,2,200
sub0172,sub0172_04,50,72,103,anger,0,200
sub0172,sub0172_05,1,70,100,anger,0,200
sub0172,sub0172_06,9,71,108,anger,0,200
sub0172,sub0172_07,0,59,83,anger,0,200
sub0172,sub0172_08,46,72,95,disgust,2,200
sub0172,sub0172_09,16,92,109,fear,3,200
sub0172,sub0172_10,0,62,74,surprise,6,200
sub0172,sub0172_11,0,52,73,disgust,2,200
sub0172,sub0172_12,0,45,67,contempt,1,200
sub0172,sub0172_13,0,38,64,disgust,2,200
sub0172,sub0172_14,0,25,100,surprise,6,200
sub0172,sub0172_15,0,41,97,disgust,2,200
sub0176,sub0176_01,0,54,98,fear,3,200
sub0176,sub0176_02,10,88,104,fear,3,200
sub0176,sub0176_03,0,51,95,fear,3,200
sub0177,sub0177_01,0,51,86,disgust,2,200
sub0177,sub0177_02,0,37,70,happiness,4,200
sub0177,sub0177_03,0,42,55,disgust,2,200
sub0177,sub0177_04,0,40,84,sadness,5,200
sub0177,sub0177_05,0,43,93,sadness,5,200
sub0177,sub0177_06,0,49,86,anger,0,200
sub0177,sub0177_07,28,75,101,anger,0,200
sub0177,sub0177_08,0,63,99,fear,3,200
sub0177,sub0177_09,0,70,97,surprise,6,200
sub0177,sub0177_10,0,45,105,surprise,6,200
sub0177,sub0177_11,0,81,97,fear,3,200
sub0177,sub0177_12,48,89,100,disgust,2,200
sub0177,sub0177_13,0,50,87,disgust,2,200
sub0177,sub0177_14,0,40,97,disgust,2,200
sub0177,sub0177_15,0,41,71,disgust,2,200
sub0177,sub0177_16,53,97,102,fear,3,200
sub0177,sub0177_17,0,34,59,surprise,6,200
sub0177,sub0177_18,0,39,108,happiness,4,200
sub0177,sub0177_19,10,55,104,happiness,4,200
sub0179,sub0179_01,18,38,77,sadness,5,200
sub0179,sub0179_02,11,46,88,surprise,6,200
sub0179,sub0179_03,24,44,71,sadness,5,200
sub0179,sub0179_04,14,39,67,sadness,5,200
sub0179,sub0179_05,4,38,64,contempt,1,200
sub0179,sub0179_06,23,50,98,surprise,6,200
sub0179,sub0179_07,13,56,99,surprise,6,200
sub0179,sub0179_08,23,54,112,sadness,5,200
sub0179,sub0179_09,10,28,96,surprise,6,200
sub0180,sub0180_01,6,25,37,disgust,2,200
sub0180,sub0180_02,7,38,63,disgust,2,200
sub0180,sub0180_03,9,59,88,disgust,2,200
sub0180,sub0180_04,5,27,56,disgust,2,200
sub0180,sub0180_05,16,60,65,happiness,4,200
sub0180,sub0180_06,20,56,77,disgust,2,200
sub0180,sub0180_07,15,67,89,contempt,1,200
sub0180,sub0180_08,12,47,74,anger,0,200
sub0180,sub0180_09,56,100,105,anger,0,200
sub0180,sub0180_10,22,75,89,fear,3,200
sub0180,sub0180_11,3,53,93,disgust,2,200
sub0180,sub0180_12,2,25,40,disgust,2,200
sub0180,sub0180_13,8,54,96,surprise,6,200
sub0180,sub0180_14,24,58,99,disgust,2,200
sub0181,sub0181_01,8,45,94,sadness,5,200
sub0181,sub0181_02,39,77,101,sadness,5,200
sub0181,sub0181_03,3,32,82,sadness,5,200
sub0181,sub0181_04,11,41,74,sadness,5,200
sub0181,sub0181_05,21,72,107,contempt,1,200
sub0181,sub0181_06,17,55,95,disgust,2,200
sub0181,sub0181_07,9,67,98,contempt,1,200
sub0181,sub0181_08,14,42,79,disgust,2,200
sub0181,sub0181_09,33,57,91,surprise,6,200
sub0181,sub0181_10,10,69,97,surprise,6,200
sub0181,sub0181_11,2,69,101,surprise,6,200
sub0181,sub0181_12,18,66,94,happiness,4,200
sub0182,sub0182_01,9,34,55,surprise,6,200
sub0183,sub0183_01,0,21,36,disgust,2,200
sub0183,sub0183_02,0,18,46,disgust,2,200
sub0183,sub0183_03,0,16,29,sadness,5,200
sub0183,sub0183_04,0,14,40,sadness,5,200
sub0183,sub0183_05,10,30,61,sadness,5,200
sub0183,sub0183_06,1,56,94,sadness,5,200
sub0183,sub0183_07,2,41,91,sadness,5,200
sub0183,sub0183_08,1,39,80,anger,0,200
sub0183,sub0183_09,0,30,39,disgust,2,200
sub0183,sub0183_10,1,19,34,disgust,2,200
sub0183,sub0183_11,1,19,45,fear,3,200
sub0183,sub0183_12,46,75,92,fear,3,200
sub0183,sub0183_13,1,46,89,fear,3,200
sub0183,sub0183_14,8,58,96,surprise,6,200
sub0183,sub0183_15,12,52,94,disgust,2,200
sub0183,sub0183_16,1,42,76,happiness,4,200
sub0183,sub0183_17,17,66,91,happiness,4,200
sub0183,sub0183_18,1,20,63,surprise,6,200
sub0184,sub0184_01,6,59,96,contempt,1,200
sub0184,sub0184_02,11,57,86,sadness,5,200
sub0184,sub0184_03,15,34,92,happiness,4,200
sub0184,sub0184_04,11,49,83,happiness,4,200
sub0184,sub0184_05,21,70,92,contempt,1,200
sub0184,sub0184_06,20,69,114,happiness,4,200
sub0184,sub0184_07,0,72,99,happiness,4,200
sub0184,sub0184_08,17,65,86,disgust,2,200
sub0184,sub0184_09,0,53,98,happiness,4,200
sub0184,sub0184_10,11,68,101,contempt,1,200
sub0185,sub0185_01,0,40,96,fear,3,200
sub0185,sub0185_02,0,70,93,surprise,6,200
sub0185,sub0185_03,0,57,96,happiness,4,200
sub0185,sub0185_04,12,34,73,happiness,4,200
sub0186,sub0186_01,0,46,77,disgust,2,200
sub0186,sub0186_02,0,40,97,disgust,2,200
sub0186,sub0186_03,0,43,90,anger,0,200
sub0186,sub0186_04,0,49,80,anger,0,200
sub0186,sub0186_05,11,90,110,fear,3,200
sub0186,sub0186_06,0,40,80,fear,3,200
sub0186,sub0186_07,0,46,77,disgust,2,200
sub0186,sub0186_08,0,30,96,disgust,2,200
sub0186,sub0186_09,29,46,89,fear,3,200
sub0187,sub0187_01,0,25,59,disgust,2,200
sub0187,sub0187_02,0,37,74,disgust,2,200
sub0187,sub0187_03,0,40,62,disgust,2,200
sub0187,sub0187_04,0,37,83,disgust,2,200
sub0187,sub0187_05,0,23,59,fear,3,200
sub0187,sub0187_06,0,43,92,fear,3,200
sub0187,sub0187_07,0,32,94,disgust,2,200
sub0187,sub0187_08,0,50,87,disgust,2,200
sub0187,sub0187_09,0,30,65,disgust,2,200
sub0188,sub0188_01,0,35,67,fear,3,200
sub0188,sub0188_02,0,22,88,disgust,2,200
sub0188,sub0188_03,20,60,129,happiness,4,200
sub0188,sub0188_04,0,40,99,sadness,5,200
sub0188,sub0188_05,7,41,109,sadness,5,200
sub0188,sub0188_06,0,28,97,fear,3,200
sub0193,sub0193_01,0,36,74,fear,3,200
sub0193,sub0193_02,26,60,118,fear,3,200
sub0193,sub0193_03,10,56,86,fear,3,200
sub0193,sub0193_04,0,47,99,fear,3,200
sub0193,sub0193_05,0,49,96,disgust,2,200
sub0194,sub0194_01,7,55,71,surprise,6,200
sub0194,sub0194_02,18,65,129,anger,0,200
sub0194,sub0194_03,22,73,103,disgust,2,200
sub0194,sub0194_04,8,64,102,disgust,2,200
sub0194,sub0194_05,10,56,93,happiness,4,200
sub0196,sub0196_01,0,48,63,surprise,6,200
sub0196,sub0196_02,0,53,99,fear,3,200
sub0196,sub0196_03,43,91,136,fear,3,200
sub0196,sub0196_04,10,62,109,surprise,6,200
sub0196,sub0196_05,0,32,55,surprise,6,200
sub0196,sub0196_06,0,44,78,surprise,6,200
sub0196,sub0196_07,0,31,44,happiness,4,200
sub0197,sub0197_01,0,32,72,anger,0,200
sub0197,sub0197_02,7,37,69,surprise,6,200
sub0197,sub0197_03,0,22,52,anger,0,200
sub0197,sub0197_04,14,56,83,surprise,6,200
sub0197,sub0197_05,13,58,84,happiness,4,200
sub0197,sub0197_06,17,65,75,happiness,4,200
sub0197,sub0197_07,11,38,63,surprise,6,200
sub0197,sub0197_08,5,43,76,happiness,4,200
sub0198,sub0198_01,10,39,93,disgust,2,200
sub0198,sub0198_02,11,41,99,disgust,2,200
sub0198,sub0198_03,20,67,69,happiness,4,200
sub0198,sub0198_04,14,45,76,disgust,2,200
sub0198,sub0198_05,15,57,99,anger,0,200
sub0198,sub0198_06,15,36,93,anger,0,200
sub0200,sub0200_01,0,43,54,disgust,2,200
sub0200,sub0200_02,0,19,33,anger,0,200
sub0200,sub0200_03,0,38,65,anger,0,200
sub0200,sub0200_04,12,58,110,disgust,2,200
sub0200,sub0200_05,0,39,96,surprise,6,200
sub0200,sub0200_06,12,74,109,fear,3,200
sub0200,sub0200_07,0,42,46,disgust,2,200
sub0200,sub0200_08,0,34,63,disgust,2,200
sub0200,sub0200_09,0,33,73,disgust,2,200
sub0200,sub0200_10,0,47,87,disgust,2,200
sub0200,sub0200_11,0,31,78,happiness,4,200
sub0200,sub0200_12,11,59,60,happiness,4,200
sub0200,sub0200_13,14,61,113,anger,0,200
